user_id,city,session_date,stale_saved_address,app_opened,browsed,added_to_cart,reached_checkout,order_placed
1,Hyderabad,2026-05-29,False,True,True,False,False,False
2,Mumbai,2026-05-19,False,True,True,True,True,True
3,Pune,2026-05-02,True,True,True,False,False,False
4,Hyderabad,2026-05-21,True,True,True,True,True,True
5,Mumbai,2026-05-28,False,True,False,False,False,False
6,Kolkata,2026-06-16,False,True,True,True,True,True
7,Pune,2026-05-09,False,True,True,False,False,False
8,Mumbai,2026-06-27,False,True,True,True,True,True
9,Pune,2026-05-08,False,True,True,False,False,False
10,Hyderabad,2026-05-02,False,True,True,True,True,True
11,Hyderabad,2026-06-03,False,True,True,False,False,False
12,Kolkata,2026-05-23,False,True,True,False,False,False
13,Pune,2026-05-18,False,True,True,True,True,True
14,Pune,2026-05-15,False,True,True,True,True,True
15,Bengaluru,2026-06-20,False,True,True,False,False,False
16,Pune,2026-06-11,False,True,True,True,True,True
17,Kolkata,2026-05-24,False,True,True,True,True,True
18,Kolkata,2026-05-03,False,True,True,True,True,True
19,Mumbai,2026-06-11,False,True,True,True,True,True
20,Hyderabad,2026-05-30,False,True,True,True,True,False
21,Bengaluru,2026-06-20,False,True,True,False,False,False
22,Delhi,2026-06-22,True,True,True,False,False,False
23,Kolkata,2026-05-11,False,True,True,True,False,False
24,Delhi,2026-06-26,False,True,True,True,True,True
25,Bengaluru,2026-05-09,False,True,True,False,False,False
26,Bengaluru,2026-06-23,False,True,True,True,True,True
27,Hyderabad,2026-06-08,False,True,True,True,True,True
28,Mumbai,2026-05-28,False,True,True,True,True,True
29,Hyderabad,2026-05-26,False,True,False,False,False,False
30,Hyderabad,2026-06-24,False,True,True,True,True,True
31,Kolkata,2026-05-22,False,True,True,True,True,True
32,Pune,2026-05-03,True,True,True,False,False,False
33,Bengaluru,2026-05-19,False,True,True,True,True,True
34,Delhi,2026-05-11,False,True,True,True,False,False
35,Bengaluru,2026-05-07,False,True,True,False,False,False
36,Hyderabad,2026-06-18,False,True,True,True,False,False
37,Bengaluru,2026-06-24,False,True,True,True,False,False
38,Kolkata,2026-06-25,False,True,False,False,False,False
39,Delhi,2026-05-08,False,True,True,False,False,False
40,Kolkata,2026-05-25,True,True,True,True,False,False
41,Kolkata,2026-06-04,False,True,True,True,True,True
42,Hyderabad,2026-06-25,False,True,True,False,False,False
43,Delhi,2026-06-17,False,True,True,True,True,False
44,Pune,2026-06-20,False,True,False,False,False,False
45,Mumbai,2026-05-21,False,True,True,True,True,True
46,Bengaluru,2026-05-04,True,True,True,False,False,False
47,Hyderabad,2026-05-30,False,True,False,False,False,False
48,Bengaluru,2026-06-29,False,True,True,False,False,False
49,Pune,2026-05-31,False,True,False,False,False,False
50,Pune,2026-05-21,False,True,True,True,True,True
51,Kolkata,2026-06-27,True,True,False,False,False,False
52,Mumbai,2026-06-01,False,True,True,True,True,True
53,Delhi,2026-05-09,False,True,True,True,False,False
54,Bengaluru,2026-06-19,False,True,True,False,False,False
55,Delhi,2026-06-05,False,True,True,False,False,False
56,Kolkata,2026-05-12,True,True,False,False,False,False
57,Mumbai,2026-05-02,False,True,True,False,False,False
58,Mumbai,2026-05-22,True,True,True,True,False,False
59,Kolkata,2026-06-12,False,True,True,True,True,True
60,Hyderabad,2026-05-06,False,True,True,True,True,True
61,Pune,2026-06-19,False,True,True,True,True,True
62,Mumbai,2026-06-06,False,True,True,True,True,True
63,Mumbai,2026-05-01,True,True,True,True,True,False
64,Delhi,2026-05-16,False,True,True,False,False,False
65,Pune,2026-06-24,True,True,True,True,True,True
66,Hyderabad,2026-05-05,False,True,True,True,True,True
67,Mumbai,2026-06-17,False,True,True,True,True,True
68,Kolkata,2026-05-05,False,True,False,False,False,False
69,Mumbai,2026-06-27,False,True,False,False,False,False
70,Pune,2026-06-14,False,True,True,True,True,True
71,Bengaluru,2026-05-20,False,True,True,True,True,True
72,Pune,2026-05-12,False,True,True,False,False,False
73,Hyderabad,2026-05-29,True,True,True,True,True,True
74,Delhi,2026-05-26,True,True,True,False,False,False
75,Mumbai,2026-06-20,False,True,True,True,True,True
76,Hyderabad,2026-05-25,True,True,True,True,False,False
77,Bengaluru,2026-06-18,False,True,True,True,True,True
78,Pune,2026-05-12,False,True,True,False,False,False
79,Delhi,2026-05-30,False,True,False,False,False,False
80,Delhi,2026-05-22,True,True,True,True,False,False
81,Bengaluru,2026-05-12,False,True,True,False,False,False
82,Hyderabad,2026-05-19,True,True,True,True,False,False
83,Hyderabad,2026-06-28,False,True,True,False,False,False
84,Pune,2026-06-22,False,True,True,True,True,True
85,Bengaluru,2026-05-11,False,True,True,True,True,True
86,Kolkata,2026-05-13,False,True,True,True,True,True
87,Kolkata,2026-05-19,False,True,True,False,False,False
88,Delhi,2026-05-07,False,True,False,False,False,False
89,Kolkata,2026-06-29,False,True,True,False,False,False
90,Bengaluru,2026-05-10,True,True,False,False,False,False
91,Bengaluru,2026-06-14,True,True,True,True,True,True
92,Delhi,2026-06-08,False,True,True,True,True,True
93,Delhi,2026-06-07,False,True,True,False,False,False
94,Pune,2026-06-16,False,True,False,False,False,False
95,Bengaluru,2026-06-29,False,True,True,True,True,True
96,Kolkata,2026-05-15,False,True,True,False,False,False
97,Delhi,2026-05-11,False,True,True,False,False,False
98,Hyderabad,2026-05-24,True,True,True,True,True,True
99,Mumbai,2026-05-28,False,True,True,False,False,False
100,Kolkata,2026-05-17,False,True,True,True,True,True
101,Bengaluru,2026-05-06,False,True,False,False,False,False
102,Delhi,2026-05-02,False,True,True,False,False,False
103,Pune,2026-06-24,False,True,True,False,False,False
104,Delhi,2026-05-11,False,True,True,True,False,False
105,Pune,2026-06-02,False,True,True,True,True,True
106,Delhi,2026-05-05,False,True,False,False,False,False
107,Pune,2026-05-23,False,True,True,False,False,False
108,Delhi,2026-05-21,False,True,True,True,True,True
109,Delhi,2026-06-09,True,True,True,True,False,False
110,Mumbai,2026-06-23,False,True,True,True,True,True
111,Kolkata,2026-06-28,True,True,True,True,False,False
112,Pune,2026-05-14,True,True,True,True,True,True
113,Mumbai,2026-05-18,False,True,True,True,True,True
114,Hyderabad,2026-05-30,False,True,True,False,False,False
115,Hyderabad,2026-05-10,False,True,False,False,False,False
116,Hyderabad,2026-05-20,False,True,True,False,False,False
117,Pune,2026-06-12,False,True,True,True,True,True
118,Bengaluru,2026-06-23,False,True,True,True,True,True
119,Bengaluru,2026-05-29,False,True,False,False,False,False
120,Bengaluru,2026-05-19,False,True,True,True,True,True
121,Pune,2026-06-10,True,True,True,False,False,False
122,Mumbai,2026-06-14,False,True,True,True,True,True
123,Bengaluru,2026-06-17,False,True,True,True,True,True
124,Kolkata,2026-05-14,False,True,True,True,True,True
125,Bengaluru,2026-05-07,False,True,True,False,False,False
126,Hyderabad,2026-06-14,False,True,True,True,True,True
127,Hyderabad,2026-05-10,True,True,True,False,False,False
128,Kolkata,2026-06-13,False,True,True,True,True,True
129,Mumbai,2026-06-16,False,True,True,False,False,False
130,Delhi,2026-06-13,False,True,True,True,True,True
131,Bengaluru,2026-06-14,True,True,True,False,False,False
132,Pune,2026-05-06,False,True,True,True,True,True
133,Delhi,2026-06-24,False,True,True,True,False,False
134,Kolkata,2026-05-02,True,True,True,False,False,False
135,Kolkata,2026-06-18,False,True,True,False,False,False
136,Mumbai,2026-05-15,False,True,True,True,True,False
137,Hyderabad,2026-05-19,False,True,True,False,False,False
138,Delhi,2026-05-26,False,True,True,True,False,False
139,Pune,2026-06-12,False,True,True,True,True,True
140,Mumbai,2026-05-13,True,True,True,True,True,True
141,Kolkata,2026-06-24,False,True,True,True,True,True
142,Pune,2026-06-25,True,True,False,False,False,False
143,Bengaluru,2026-06-04,False,True,False,False,False,False
144,Hyderabad,2026-05-29,True,True,True,False,False,False
145,Kolkata,2026-06-04,False,True,True,False,False,False
146,Mumbai,2026-05-04,False,True,True,True,True,True
147,Bengaluru,2026-06-07,False,True,True,True,True,True
148,Mumbai,2026-05-14,False,True,True,True,True,True
149,Bengaluru,2026-05-08,False,True,True,True,True,True
150,Bengaluru,2026-06-05,False,True,False,False,False,False
151,Pune,2026-06-06,True,True,True,True,False,False
152,Pune,2026-06-28,False,True,True,True,True,True
153,Hyderabad,2026-06-25,False,True,True,True,True,True
154,Bengaluru,2026-05-31,False,True,True,True,True,True
155,Kolkata,2026-05-10,False,True,True,True,True,True
156,Mumbai,2026-05-13,False,True,True,True,True,True
157,Hyderabad,2026-06-05,False,True,False,False,False,False
158,Pune,2026-05-08,False,True,True,False,False,False
159,Delhi,2026-06-23,False,True,True,True,False,False
160,Delhi,2026-06-15,True,True,True,True,False,False
161,Delhi,2026-06-23,False,True,True,True,True,True
162,Hyderabad,2026-06-26,False,True,True,True,True,True
163,Mumbai,2026-05-07,False,True,True,False,False,False
164,Bengaluru,2026-06-28,True,True,True,True,False,False
165,Kolkata,2026-06-22,False,True,False,False,False,False
166,Bengaluru,2026-05-22,False,True,True,True,False,False
167,Delhi,2026-06-18,False,True,True,False,False,False
168,Delhi,2026-05-07,False,True,True,True,True,True
169,Kolkata,2026-05-29,False,True,True,True,True,True
170,Bengaluru,2026-06-16,False,True,True,True,True,True
171,Hyderabad,2026-05-01,False,True,True,True,True,True
172,Mumbai,2026-06-29,False,True,True,False,False,False
173,Pune,2026-05-08,False,True,True,True,True,True
174,Kolkata,2026-06-26,False,True,True,True,True,True
175,Kolkata,2026-06-01,False,True,True,False,False,False
176,Pune,2026-06-23,False,True,True,True,True,True
177,Pune,2026-05-19,False,True,True,False,False,False
178,Mumbai,2026-05-02,False,True,False,False,False,False
179,Bengaluru,2026-06-11,True,True,True,True,False,False
180,Pune,2026-06-07,False,True,True,True,True,False
181,Hyderabad,2026-05-24,False,True,True,True,True,True
182,Mumbai,2026-06-20,False,True,True,False,False,False
183,Delhi,2026-06-08,False,True,True,False,False,False
184,Mumbai,2026-06-27,False,True,False,False,False,False
185,Pune,2026-05-11,False,True,True,True,True,True
186,Pune,2026-05-25,True,True,True,False,False,False
187,Kolkata,2026-05-21,False,True,True,True,True,True
188,Pune,2026-05-07,False,True,True,False,False,False
189,Kolkata,2026-06-27,False,True,True,True,True,True
190,Bengaluru,2026-05-26,False,True,True,False,False,False
191,Hyderabad,2026-06-18,False,True,True,True,True,False
192,Kolkata,2026-05-05,False,True,True,True,True,True
193,Delhi,2026-06-28,False,True,True,True,True,True
194,Delhi,2026-05-01,False,True,True,False,False,False
195,Bengaluru,2026-05-03,False,True,True,True,True,True
196,Pune,2026-06-13,False,True,True,False,False,False
197,Delhi,2026-06-24,False,True,True,True,False,False
198,Pune,2026-05-17,False,True,True,False,False,False
199,Delhi,2026-05-18,False,True,True,True,False,False
200,Mumbai,2026-05-16,True,True,False,False,False,False
201,Pune,2026-05-22,True,True,False,False,False,False
202,Pune,2026-05-07,False,True,True,False,False,False
203,Pune,2026-05-18,False,True,True,True,True,True
204,Kolkata,2026-05-31,False,True,True,True,False,False
205,Bengaluru,2026-06-09,False,True,True,True,False,False
206,Hyderabad,2026-05-29,False,True,True,False,False,False
207,Pune,2026-06-11,False,True,True,True,False,False
208,Bengaluru,2026-06-24,False,True,True,True,True,True
209,Pune,2026-06-18,False,True,True,True,False,False
210,Delhi,2026-05-10,False,True,True,True,True,True
211,Pune,2026-05-14,False,True,True,False,False,False
212,Pune,2026-05-25,True,True,True,False,False,False
213,Delhi,2026-06-26,False,True,True,True,False,False
214,Bengaluru,2026-06-29,False,True,True,False,False,False
215,Bengaluru,2026-05-13,False,True,False,False,False,False
216,Hyderabad,2026-06-28,False,True,True,False,False,False
217,Bengaluru,2026-06-14,False,True,True,True,True,False
218,Kolkata,2026-05-05,False,True,True,False,False,False
219,Bengaluru,2026-05-20,True,True,False,False,False,False
220,Mumbai,2026-06-04,True,True,True,False,False,False
221,Bengaluru,2026-06-07,True,True,True,False,False,False
222,Hyderabad,2026-05-14,False,True,True,True,True,True
223,Bengaluru,2026-05-25,False,True,True,True,False,False
224,Bengaluru,2026-06-28,True,True,True,True,False,False
225,Mumbai,2026-05-18,False,True,True,True,True,True
226,Pune,2026-06-01,False,True,True,False,False,False
227,Mumbai,2026-06-09,False,True,True,True,False,False
228,Hyderabad,2026-06-02,False,True,True,True,True,False
229,Hyderabad,2026-05-27,False,True,True,True,False,False
230,Bengaluru,2026-05-31,False,True,True,True,True,True
231,Hyderabad,2026-05-02,True,True,True,True,True,True
232,Delhi,2026-06-10,False,True,True,True,True,True
233,Kolkata,2026-05-19,False,True,True,True,True,True
234,Kolkata,2026-06-06,False,True,True,False,False,False
235,Mumbai,2026-05-04,True,True,True,False,False,False
236,Mumbai,2026-06-23,True,True,True,False,False,False
237,Mumbai,2026-05-14,False,True,False,False,False,False
238,Hyderabad,2026-06-28,True,True,True,False,False,False
239,Bengaluru,2026-06-02,False,True,True,True,True,True
240,Kolkata,2026-06-03,False,True,False,False,False,False
241,Pune,2026-06-10,False,True,True,False,False,False
242,Hyderabad,2026-06-01,False,True,True,False,False,False
243,Bengaluru,2026-05-03,True,True,False,False,False,False
244,Hyderabad,2026-05-29,False,True,False,False,False,False
245,Bengaluru,2026-05-20,False,True,True,True,True,True
246,Mumbai,2026-06-04,False,True,True,False,False,False
247,Hyderabad,2026-05-16,True,True,True,True,True,True
248,Bengaluru,2026-06-15,False,True,True,True,True,True
249,Mumbai,2026-05-03,True,True,True,True,False,False
250,Kolkata,2026-06-13,False,True,True,True,True,True
251,Pune,2026-06-22,False,True,True,True,True,True
252,Kolkata,2026-05-18,False,True,True,True,True,True
253,Kolkata,2026-06-10,True,True,True,True,True,False
254,Kolkata,2026-05-22,False,True,True,True,False,False
255,Delhi,2026-05-02,True,True,True,False,False,False
256,Pune,2026-06-21,False,True,True,True,True,True
257,Mumbai,2026-06-11,False,True,True,True,True,True
258,Kolkata,2026-05-09,False,True,True,True,False,False
259,Mumbai,2026-05-28,False,True,True,True,True,True
260,Hyderabad,2026-05-06,False,True,True,True,True,True
261,Bengaluru,2026-05-18,True,True,True,True,False,False
262,Mumbai,2026-05-19,False,True,False,False,False,False
263,Pune,2026-06-24,True,True,True,True,True,True
264,Pune,2026-06-01,True,True,True,True,True,True
265,Kolkata,2026-05-15,False,True,True,True,True,True
266,Hyderabad,2026-06-06,False,True,True,True,True,True
267,Delhi,2026-06-05,False,True,True,True,True,True
268,Mumbai,2026-06-20,True,True,True,False,False,False
269,Pune,2026-05-18,True,True,True,False,False,False
270,Hyderabad,2026-06-17,False,True,True,False,False,False
271,Mumbai,2026-06-24,False,True,True,True,True,True
272,Kolkata,2026-06-25,True,True,True,False,False,False
273,Delhi,2026-06-28,False,True,True,True,True,True
274,Hyderabad,2026-06-25,False,True,True,True,False,False
275,Kolkata,2026-05-14,False,True,True,True,True,True
276,Bengaluru,2026-05-12,True,True,True,True,True,True
277,Pune,2026-05-12,False,True,True,False,False,False
278,Hyderabad,2026-06-16,True,True,True,True,True,True
279,Pune,2026-05-20,False,True,True,False,False,False
280,Pune,2026-06-22,False,True,True,True,True,True
281,Mumbai,2026-05-24,False,True,True,True,False,False
282,Bengaluru,2026-06-19,True,True,True,True,True,True
283,Mumbai,2026-06-11,True,True,True,True,False,False
284,Pune,2026-06-01,False,True,True,False,False,False
285,Delhi,2026-06-24,False,True,False,False,False,False
286,Kolkata,2026-06-19,False,True,True,False,False,False
287,Delhi,2026-05-12,False,True,True,False,False,False
288,Delhi,2026-05-19,False,True,False,False,False,False
289,Pune,2026-06-10,False,True,True,False,False,False
290,Kolkata,2026-05-09,False,True,True,False,False,False
291,Pune,2026-05-13,False,True,True,True,False,False
292,Hyderabad,2026-06-07,False,True,True,False,False,False
293,Bengaluru,2026-06-14,False,True,True,True,True,True
294,Hyderabad,2026-06-27,False,True,True,False,False,False
295,Delhi,2026-06-02,False,True,True,True,True,True
296,Kolkata,2026-05-14,False,True,True,True,False,False
297,Mumbai,2026-05-06,False,True,False,False,False,False
298,Delhi,2026-05-12,False,True,True,True,True,True
299,Kolkata,2026-06-15,True,True,True,False,False,False
300,Bengaluru,2026-06-24,True,True,False,False,False,False
301,Delhi,2026-06-05,True,True,False,False,False,False
302,Pune,2026-05-13,False,True,True,True,True,True
303,Bengaluru,2026-05-29,False,True,True,True,True,True
304,Delhi,2026-05-13,True,True,True,True,False,False
305,Mumbai,2026-06-08,True,True,True,False,False,False
306,Mumbai,2026-06-11,False,True,False,False,False,False
307,Kolkata,2026-05-07,False,True,True,True,True,True
308,Kolkata,2026-06-23,False,True,True,True,True,True
309,Delhi,2026-06-11,False,True,False,False,False,False
310,Mumbai,2026-05-27,False,True,True,True,True,True
311,Mumbai,2026-05-19,False,True,True,True,True,True
312,Mumbai,2026-06-02,True,True,True,True,False,False
313,Hyderabad,2026-05-07,False,True,True,True,True,True
314,Mumbai,2026-06-04,False,True,True,False,False,False
315,Pune,2026-06-08,False,True,True,True,False,False
316,Hyderabad,2026-05-26,False,True,True,False,False,False
317,Hyderabad,2026-06-09,False,True,True,True,True,True
318,Hyderabad,2026-05-13,False,True,True,True,True,True
319,Kolkata,2026-05-08,False,True,True,True,True,True
320,Hyderabad,2026-05-02,False,True,True,False,False,False
321,Hyderabad,2026-05-08,False,True,True,True,True,True
322,Mumbai,2026-05-30,False,True,True,False,False,False
323,Hyderabad,2026-05-08,False,True,True,False,False,False
324,Hyderabad,2026-06-20,False,True,True,False,False,False
325,Hyderabad,2026-05-01,False,True,True,True,True,True
326,Delhi,2026-06-22,False,True,True,False,False,False
327,Kolkata,2026-06-05,False,True,True,True,True,False
328,Delhi,2026-05-01,False,True,True,True,True,True
329,Bengaluru,2026-05-22,False,True,True,False,False,False
330,Mumbai,2026-05-12,True,True,False,False,False,False
331,Mumbai,2026-06-14,False,True,True,False,False,False
332,Kolkata,2026-05-03,True,True,True,True,True,True
333,Mumbai,2026-06-04,False,True,True,False,False,False
334,Delhi,2026-05-02,False,True,True,False,False,False
335,Kolkata,2026-05-01,True,True,True,False,False,False
336,Bengaluru,2026-06-04,False,True,True,True,True,True
337,Delhi,2026-05-15,False,True,False,False,False,False
338,Hyderabad,2026-05-13,False,True,False,False,False,False
339,Pune,2026-06-29,True,True,True,True,False,False
340,Bengaluru,2026-05-31,False,True,True,False,False,False
341,Mumbai,2026-05-11,False,True,True,True,True,True
342,Pune,2026-05-09,True,True,True,True,False,False
343,Delhi,2026-05-04,False,True,True,True,True,True
344,Hyderabad,2026-06-29,False,True,True,False,False,False
345,Kolkata,2026-06-04,False,True,True,True,True,True
346,Kolkata,2026-06-24,True,True,True,True,True,True
347,Mumbai,2026-06-25,True,True,True,True,True,False
348,Mumbai,2026-06-06,False,True,False,False,False,False
349,Bengaluru,2026-06-18,False,True,True,True,True,True
350,Hyderabad,2026-06-03,False,True,True,False,False,False
351,Delhi,2026-05-29,False,True,True,True,False,False
352,Delhi,2026-05-17,False,True,True,False,False,False
353,Pune,2026-06-02,False,True,True,True,True,True
354,Mumbai,2026-05-08,False,True,False,False,False,False
355,Delhi,2026-06-29,True,True,True,False,False,False
356,Hyderabad,2026-05-01,True,True,True,True,False,False
357,Delhi,2026-06-14,True,True,True,True,False,False
358,Mumbai,2026-05-31,False,True,True,True,True,True
359,Bengaluru,2026-06-27,False,True,True,False,False,False
360,Mumbai,2026-06-07,False,True,True,True,False,False
361,Delhi,2026-05-09,True,True,True,True,False,False
362,Kolkata,2026-06-10,True,True,True,True,False,False
363,Pune,2026-06-05,False,True,True,False,False,False
364,Pune,2026-06-01,False,True,True,False,False,False
365,Bengaluru,2026-05-10,False,True,True,False,False,False
366,Delhi,2026-06-09,False,True,True,True,False,False
367,Kolkata,2026-05-20,False,True,True,True,True,True
368,Kolkata,2026-06-24,False,True,True,True,True,True
369,Kolkata,2026-05-08,True,True,True,True,True,True
370,Kolkata,2026-06-12,False,True,True,True,True,True
371,Hyderabad,2026-05-27,False,True,False,False,False,False
372,Hyderabad,2026-05-13,False,True,True,False,False,False
373,Bengaluru,2026-06-23,False,True,True,False,False,False
374,Delhi,2026-06-06,True,True,True,True,True,True
375,Delhi,2026-05-04,False,True,True,True,True,True
376,Kolkata,2026-06-08,False,True,True,False,False,False
377,Delhi,2026-06-21,False,True,True,False,False,False
378,Hyderabad,2026-05-17,False,True,True,False,False,False
379,Hyderabad,2026-05-11,False,True,True,False,False,False
380,Bengaluru,2026-06-06,False,True,True,True,False,False
381,Kolkata,2026-06-04,True,True,True,False,False,False
382,Pune,2026-05-10,False,True,True,True,True,True
383,Hyderabad,2026-05-29,False,True,True,True,True,True
384,Kolkata,2026-05-24,False,True,True,False,False,False
385,Hyderabad,2026-05-19,True,True,True,True,True,True
386,Kolkata,2026-06-22,False,True,True,True,True,True
387,Delhi,2026-05-18,False,True,True,True,False,False
388,Delhi,2026-06-29,False,True,True,True,True,True
389,Kolkata,2026-06-16,False,True,True,True,True,True
390,Pune,2026-05-10,True,True,True,True,False,False
391,Pune,2026-05-06,False,True,True,True,True,True
392,Bengaluru,2026-05-05,False,True,True,True,True,True
393,Kolkata,2026-05-26,False,True,True,False,False,False
394,Delhi,2026-05-24,True,True,True,False,False,False
395,Hyderabad,2026-06-13,False,True,True,False,False,False
396,Hyderabad,2026-05-21,False,True,True,True,True,True
397,Hyderabad,2026-05-14,False,True,True,True,True,True
398,Hyderabad,2026-05-09,True,True,True,True,False,False
399,Delhi,2026-05-21,False,True,True,True,False,False
400,Mumbai,2026-06-01,False,True,True,False,False,False
401,Pune,2026-06-11,False,True,True,False,False,False
402,Pune,2026-06-27,True,True,False,False,False,False
403,Mumbai,2026-06-06,False,True,True,True,True,True
404,Delhi,2026-06-02,False,True,True,True,False,False
405,Delhi,2026-05-17,False,True,False,False,False,False
406,Hyderabad,2026-06-27,False,True,True,False,False,False
407,Mumbai,2026-05-06,False,True,True,False,False,False
408,Pune,2026-05-02,True,True,True,True,False,False
409,Bengaluru,2026-06-08,False,True,True,True,False,False
410,Mumbai,2026-06-04,True,True,True,False,False,False
411,Pune,2026-05-20,False,True,True,False,False,False
412,Pune,2026-05-15,False,True,True,False,False,False
413,Delhi,2026-06-09,False,True,False,False,False,False
414,Mumbai,2026-05-25,False,True,True,True,True,True
415,Hyderabad,2026-05-23,False,True,True,True,False,False
416,Hyderabad,2026-05-10,False,True,True,True,True,True
417,Delhi,2026-06-16,False,True,True,False,False,False
418,Hyderabad,2026-05-20,False,True,True,True,True,True
419,Bengaluru,2026-06-09,True,True,True,True,True,True
420,Bengaluru,2026-06-06,True,True,True,True,False,False
421,Hyderabad,2026-05-11,False,True,True,False,False,False
422,Pune,2026-05-21,False,True,True,True,False,False
423,Bengaluru,2026-06-24,True,True,True,False,False,False
424,Hyderabad,2026-05-25,False,True,True,True,False,False
425,Hyderabad,2026-05-29,True,True,True,False,False,False
426,Hyderabad,2026-06-13,False,True,False,False,False,False
427,Hyderabad,2026-06-13,False,True,True,True,False,False
428,Kolkata,2026-05-26,True,True,True,True,False,False
429,Bengaluru,2026-06-21,False,True,False,False,False,False
430,Mumbai,2026-06-27,False,True,True,True,True,True
431,Kolkata,2026-05-15,False,True,True,True,True,True
432,Hyderabad,2026-06-16,False,True,True,False,False,False
433,Bengaluru,2026-05-04,False,True,True,True,True,True
434,Pune,2026-06-15,False,True,True,False,False,False
435,Delhi,2026-06-04,False,True,True,False,False,False
436,Kolkata,2026-06-28,False,True,True,True,True,True
437,Pune,2026-05-08,False,True,True,True,True,True
438,Kolkata,2026-05-26,True,True,False,False,False,False
439,Delhi,2026-05-19,False,True,False,False,False,False
440,Bengaluru,2026-05-09,False,True,True,False,False,False
441,Delhi,2026-06-28,False,True,True,True,True,True
442,Pune,2026-06-05,True,True,True,True,True,True
443,Bengaluru,2026-06-22,False,True,True,True,True,True
444,Mumbai,2026-06-10,False,True,True,True,True,True
445,Kolkata,2026-06-18,False,True,True,True,False,False
446,Pune,2026-05-21,False,True,True,False,False,False
447,Delhi,2026-06-22,False,True,True,False,False,False
448,Delhi,2026-06-03,False,True,True,True,True,True
449,Hyderabad,2026-06-15,False,True,True,True,True,True
450,Bengaluru,2026-06-07,False,True,True,False,False,False
451,Hyderabad,2026-05-28,False,True,True,False,False,False
452,Hyderabad,2026-05-02,False,True,True,True,True,True
453,Kolkata,2026-05-25,False,True,True,True,False,False
454,Bengaluru,2026-06-29,False,True,True,True,True,True
455,Pune,2026-05-20,True,True,True,True,True,True
456,Bengaluru,2026-05-20,False,True,True,True,True,True
457,Bengaluru,2026-06-23,False,True,False,False,False,False
458,Pune,2026-06-18,False,True,True,True,True,True
459,Pune,2026-05-11,False,True,True,True,True,True
460,Bengaluru,2026-05-12,False,True,False,False,False,False
461,Pune,2026-05-12,False,True,True,True,False,False
462,Pune,2026-05-08,False,True,True,True,False,False
463,Delhi,2026-06-16,False,True,True,True,False,False
464,Hyderabad,2026-05-18,False,True,True,True,False,False
465,Hyderabad,2026-06-27,False,True,True,False,False,False
466,Pune,2026-06-10,False,True,True,False,False,False
467,Kolkata,2026-05-18,True,True,True,True,True,True
468,Pune,2026-05-02,False,True,True,False,False,False
469,Mumbai,2026-05-17,False,True,True,True,True,True
470,Pune,2026-05-21,False,True,True,True,False,False
471,Kolkata,2026-05-28,False,True,True,False,False,False
472,Pune,2026-06-24,False,True,True,False,False,False
473,Hyderabad,2026-06-03,False,True,True,True,False,False
474,Bengaluru,2026-06-17,True,True,True,True,True,True
475,Mumbai,2026-06-25,True,True,True,False,False,False
476,Delhi,2026-05-01,False,True,False,False,False,False
477,Mumbai,2026-06-29,False,True,True,True,False,False
478,Bengaluru,2026-06-18,False,True,True,False,False,False
479,Hyderabad,2026-06-25,False,True,False,False,False,False
480,Hyderabad,2026-06-18,True,True,True,True,False,False
481,Bengaluru,2026-06-14,True,True,True,True,True,True
482,Mumbai,2026-05-06,False,True,True,True,False,False
483,Pune,2026-06-06,False,True,False,False,False,False
484,Kolkata,2026-05-04,False,True,False,False,False,False
485,Pune,2026-05-13,True,True,True,True,False,False
486,Kolkata,2026-05-04,False,True,False,False,False,False
487,Pune,2026-06-03,False,True,True,True,True,True
488,Pune,2026-06-20,False,True,True,True,True,True
489,Hyderabad,2026-06-20,False,True,True,True,True,True
490,Hyderabad,2026-06-20,False,True,True,False,False,False
491,Kolkata,2026-06-26,False,True,True,True,True,True
492,Pune,2026-06-05,True,True,False,False,False,False
493,Bengaluru,2026-06-22,False,True,True,True,True,True
494,Hyderabad,2026-05-05,False,True,True,True,False,False
495,Delhi,2026-06-20,False,True,True,False,False,False
496,Kolkata,2026-06-24,True,True,True,True,False,False
497,Bengaluru,2026-05-11,False,True,False,False,False,False
498,Delhi,2026-06-20,False,True,False,False,False,False
499,Hyderabad,2026-06-20,False,True,True,True,True,False
500,Hyderabad,2026-06-14,False,True,True,False,False,False
501,Bengaluru,2026-06-07,False,True,True,True,True,True
502,Mumbai,2026-06-01,True,True,False,False,False,False
503,Bengaluru,2026-06-23,False,True,True,False,False,False
504,Hyderabad,2026-05-02,False,True,True,False,False,False
505,Kolkata,2026-06-16,True,True,False,False,False,False
506,Mumbai,2026-06-18,True,True,True,True,True,True
507,Pune,2026-05-13,False,True,True,False,False,False
508,Delhi,2026-06-05,False,True,True,True,True,True
509,Hyderabad,2026-05-30,False,True,True,True,True,True
510,Mumbai,2026-06-14,False,True,False,False,False,False
511,Mumbai,2026-06-09,False,True,True,False,False,False
512,Kolkata,2026-06-29,False,True,True,False,False,False
513,Hyderabad,2026-06-03,False,True,True,False,False,False
514,Kolkata,2026-06-24,False,True,False,False,False,False
515,Pune,2026-06-08,False,True,True,False,False,False
516,Pune,2026-05-19,True,True,True,False,False,False
517,Delhi,2026-06-24,False,True,True,True,True,True
518,Mumbai,2026-05-14,False,True,True,True,True,True
519,Hyderabad,2026-05-13,False,True,False,False,False,False
520,Hyderabad,2026-06-24,False,True,True,False,False,False
521,Bengaluru,2026-06-10,True,True,True,True,False,False
522,Mumbai,2026-05-18,True,True,True,False,False,False
523,Mumbai,2026-05-08,False,True,True,True,True,True
524,Delhi,2026-06-12,False,True,True,False,False,False
525,Hyderabad,2026-05-18,False,True,False,False,False,False
526,Delhi,2026-05-06,True,True,True,False,False,False
527,Mumbai,2026-05-23,False,True,True,True,True,True
528,Pune,2026-05-21,False,True,True,True,True,True
529,Delhi,2026-05-30,False,True,True,True,False,False
530,Delhi,2026-06-06,False,True,True,True,True,True
531,Kolkata,2026-06-04,False,True,True,True,True,True
532,Mumbai,2026-05-16,False,True,True,False,False,False
533,Kolkata,2026-06-02,True,True,True,False,False,False
534,Delhi,2026-05-24,True,True,False,False,False,False
535,Bengaluru,2026-05-28,True,True,False,False,False,False
536,Hyderabad,2026-06-09,True,True,True,True,True,True
537,Delhi,2026-06-23,True,True,True,True,False,False
538,Pune,2026-06-06,False,True,False,False,False,False
539,Delhi,2026-06-05,True,True,False,False,False,False
540,Bengaluru,2026-06-16,False,True,True,False,False,False
541,Pune,2026-06-12,False,True,True,True,False,False
542,Hyderabad,2026-05-16,False,True,True,True,True,True
543,Bengaluru,2026-06-16,False,True,True,True,True,True
544,Delhi,2026-06-24,False,True,True,True,True,True
545,Hyderabad,2026-05-13,False,True,False,False,False,False
546,Delhi,2026-06-01,False,True,False,False,False,False
547,Delhi,2026-06-25,False,True,True,True,True,True
548,Mumbai,2026-06-03,False,True,True,False,False,False
549,Mumbai,2026-05-04,False,True,False,False,False,False
550,Pune,2026-06-25,False,True,False,False,False,False
551,Hyderabad,2026-05-22,True,True,True,True,True,True
552,Mumbai,2026-06-28,False,True,True,True,True,True
553,Hyderabad,2026-05-11,False,True,True,True,True,True
554,Delhi,2026-06-15,True,True,True,True,False,False
555,Bengaluru,2026-06-25,False,True,True,False,False,False
556,Pune,2026-06-27,False,True,True,True,False,False
557,Mumbai,2026-05-14,True,True,True,True,True,True
558,Hyderabad,2026-06-14,False,True,True,False,False,False
559,Pune,2026-06-19,False,True,True,True,True,False
560,Bengaluru,2026-05-26,False,True,True,True,False,False
561,Kolkata,2026-06-23,False,True,True,True,True,True
562,Delhi,2026-06-12,False,True,True,False,False,False
563,Pune,2026-06-11,False,True,True,False,False,False
564,Delhi,2026-06-12,False,True,True,True,False,False
565,Kolkata,2026-06-13,False,True,True,True,False,False
566,Mumbai,2026-06-12,True,True,True,False,False,False
567,Bengaluru,2026-05-22,False,True,True,True,True,True
568,Delhi,2026-06-23,False,True,True,False,False,False
569,Delhi,2026-05-29,True,True,True,False,False,False
570,Kolkata,2026-06-04,False,True,True,True,True,False
571,Pune,2026-05-20,False,True,True,True,False,False
572,Mumbai,2026-06-14,True,True,False,False,False,False
573,Bengaluru,2026-05-11,False,True,True,True,True,True
574,Delhi,2026-05-29,False,True,True,False,False,False
575,Pune,2026-06-04,True,True,True,False,False,False
576,Mumbai,2026-06-09,False,True,True,False,False,False
577,Hyderabad,2026-05-15,False,True,True,True,True,True
578,Kolkata,2026-05-28,False,True,True,True,False,False
579,Delhi,2026-05-03,True,True,True,False,False,False
580,Hyderabad,2026-06-03,False,True,True,True,True,True
581,Pune,2026-06-25,False,True,True,False,False,False
582,Pune,2026-06-10,False,True,True,True,True,False
583,Kolkata,2026-05-21,True,True,True,True,False,False
584,Hyderabad,2026-05-12,False,True,True,False,False,False
585,Pune,2026-05-13,False,True,True,True,True,True
586,Kolkata,2026-06-26,False,True,True,False,False,False
587,Kolkata,2026-05-21,False,True,True,True,True,True
588,Bengaluru,2026-06-03,False,True,True,True,True,True
589,Hyderabad,2026-06-17,False,True,True,False,False,False
590,Kolkata,2026-06-18,False,True,True,True,False,False
591,Mumbai,2026-06-09,False,True,True,True,True,True
592,Pune,2026-06-26,True,True,True,False,False,False
593,Pune,2026-05-06,False,True,True,False,False,False
594,Delhi,2026-05-12,False,True,True,True,True,True
595,Hyderabad,2026-06-01,True,True,True,False,False,False
596,Bengaluru,2026-06-21,False,True,True,False,False,False
597,Mumbai,2026-06-24,False,True,True,False,False,False
598,Delhi,2026-06-02,True,True,False,False,False,False
599,Delhi,2026-05-05,True,True,True,False,False,False
600,Kolkata,2026-06-04,False,True,False,False,False,False
601,Bengaluru,2026-05-10,False,True,True,False,False,False
602,Mumbai,2026-06-25,True,True,True,True,True,False
603,Mumbai,2026-05-16,False,True,False,False,False,False
604,Hyderabad,2026-05-16,True,True,True,True,True,True
605,Hyderabad,2026-05-17,False,True,False,False,False,False
606,Hyderabad,2026-05-14,False,True,True,True,True,True
607,Kolkata,2026-05-05,False,True,True,True,False,False
608,Hyderabad,2026-06-23,False,True,True,True,False,False
609,Pune,2026-06-25,False,True,False,False,False,False
610,Mumbai,2026-06-10,True,True,False,False,False,False
611,Pune,2026-05-10,True,True,True,False,False,False
612,Kolkata,2026-06-10,False,True,True,False,False,False
613,Bengaluru,2026-06-18,True,True,True,True,False,False
614,Mumbai,2026-06-29,True,True,True,False,False,False
615,Bengaluru,2026-05-29,True,True,False,False,False,False
616,Delhi,2026-06-23,True,True,True,True,False,False
617,Pune,2026-06-03,False,True,True,True,True,True
618,Kolkata,2026-06-10,True,True,True,True,True,True
619,Delhi,2026-05-10,False,True,True,True,True,True
620,Hyderabad,2026-06-03,False,True,True,True,True,False
621,Delhi,2026-06-05,False,True,False,False,False,False
622,Delhi,2026-06-14,True,True,True,False,False,False
623,Kolkata,2026-05-17,False,True,True,False,False,False
624,Hyderabad,2026-06-28,False,True,True,False,False,False
625,Hyderabad,2026-05-29,False,True,True,True,True,True
626,Delhi,2026-06-11,False,True,True,True,False,False
627,Hyderabad,2026-06-16,True,True,True,True,True,True
628,Bengaluru,2026-06-19,False,True,True,True,True,False
629,Mumbai,2026-05-18,False,True,True,False,False,False
630,Pune,2026-06-25,False,True,True,True,True,True
631,Bengaluru,2026-06-15,False,True,True,False,False,False
632,Delhi,2026-06-08,False,True,True,True,True,True
633,Pune,2026-05-02,False,True,True,True,True,True
634,Hyderabad,2026-06-12,True,True,False,False,False,False
635,Mumbai,2026-05-22,True,True,True,True,False,False
636,Pune,2026-06-12,True,True,True,False,False,False
637,Bengaluru,2026-05-14,False,True,True,True,True,True
638,Delhi,2026-05-10,False,True,False,False,False,False
639,Bengaluru,2026-06-14,False,True,True,True,True,True
640,Bengaluru,2026-06-25,False,True,True,True,True,True
641,Pune,2026-06-24,False,True,True,False,False,False
642,Kolkata,2026-06-11,False,True,True,True,True,True
643,Kolkata,2026-06-20,False,True,True,True,False,False
644,Delhi,2026-05-12,False,True,True,False,False,False
645,Kolkata,2026-05-09,True,True,True,False,False,False
646,Kolkata,2026-06-21,True,True,True,True,True,True
647,Kolkata,2026-06-13,True,True,True,True,True,True
648,Mumbai,2026-06-20,True,True,True,True,True,True
649,Hyderabad,2026-05-11,False,True,True,True,True,True
650,Hyderabad,2026-05-24,False,True,True,True,True,True
651,Mumbai,2026-06-09,False,True,True,True,True,True
652,Mumbai,2026-05-29,False,True,True,True,True,True
653,Mumbai,2026-05-17,False,True,True,True,True,True
654,Pune,2026-05-01,True,True,True,False,False,False
655,Pune,2026-05-03,False,True,True,False,False,False
656,Hyderabad,2026-05-16,False,True,True,False,False,False
657,Delhi,2026-05-29,False,True,True,False,False,False
658,Bengaluru,2026-06-23,True,True,True,True,False,False
659,Pune,2026-05-15,False,True,True,True,False,False
660,Bengaluru,2026-06-17,False,True,True,True,True,True
661,Hyderabad,2026-06-21,False,True,True,True,False,False
662,Hyderabad,2026-05-29,False,True,True,True,True,True
663,Bengaluru,2026-06-24,False,True,True,True,True,True
664,Bengaluru,2026-05-30,False,True,True,False,False,False
665,Hyderabad,2026-05-31,False,True,True,False,False,False
666,Delhi,2026-06-05,False,True,True,True,False,False
667,Mumbai,2026-06-21,False,True,True,False,False,False
668,Pune,2026-06-28,False,True,True,True,True,True
669,Bengaluru,2026-05-21,False,True,True,False,False,False
670,Kolkata,2026-06-11,False,True,True,True,True,True
671,Delhi,2026-06-09,False,True,True,False,False,False
672,Mumbai,2026-06-13,False,True,True,True,True,True
673,Mumbai,2026-06-01,False,True,True,True,True,True
674,Pune,2026-05-01,False,True,True,False,False,False
675,Kolkata,2026-05-13,True,True,True,False,False,False
676,Pune,2026-05-15,False,True,True,True,False,False
677,Mumbai,2026-06-06,True,True,True,True,True,True
678,Pune,2026-05-21,False,True,False,False,False,False
679,Hyderabad,2026-06-25,False,True,True,False,False,False
680,Kolkata,2026-06-28,False,True,True,False,False,False
681,Pune,2026-06-07,False,True,True,False,False,False
682,Pune,2026-06-07,False,True,True,False,False,False
683,Bengaluru,2026-06-01,False,True,True,True,True,True
684,Pune,2026-06-18,False,True,False,False,False,False
685,Pune,2026-06-20,True,True,True,True,True,True
686,Kolkata,2026-05-24,True,True,True,False,False,False
687,Bengaluru,2026-06-27,False,True,True,False,False,False
688,Mumbai,2026-05-19,False,True,True,False,False,False
689,Bengaluru,2026-05-02,False,True,True,True,True,True
690,Kolkata,2026-06-03,True,True,True,True,False,False
691,Hyderabad,2026-06-19,False,True,True,False,False,False
692,Delhi,2026-05-14,False,True,True,True,True,True
693,Bengaluru,2026-05-21,False,True,True,True,False,False
694,Kolkata,2026-05-10,False,True,True,False,False,False
695,Delhi,2026-05-15,False,True,True,True,True,False
696,Mumbai,2026-05-20,True,True,True,True,True,True
697,Hyderabad,2026-05-30,False,True,False,False,False,False
698,Mumbai,2026-05-30,False,True,False,False,False,False
699,Delhi,2026-06-07,False,True,True,True,True,True
700,Hyderabad,2026-05-08,False,True,True,True,True,True
701,Kolkata,2026-06-12,False,True,True,False,False,False
702,Bengaluru,2026-06-22,True,True,True,False,False,False
703,Bengaluru,2026-05-20,False,True,True,False,False,False
704,Delhi,2026-05-08,False,True,False,False,False,False
705,Kolkata,2026-05-20,False,True,True,True,True,True
706,Pune,2026-05-19,False,True,True,False,False,False
707,Mumbai,2026-06-03,False,True,True,True,True,True
708,Hyderabad,2026-05-03,True,True,False,False,False,False
709,Hyderabad,2026-06-25,False,True,True,True,True,True
710,Mumbai,2026-06-08,False,True,True,True,False,False
711,Mumbai,2026-05-22,False,True,False,False,False,False
712,Kolkata,2026-05-24,False,True,True,True,True,True
713,Kolkata,2026-05-05,False,True,True,False,False,False
714,Bengaluru,2026-06-13,True,True,True,True,True,True
715,Delhi,2026-06-24,False,True,True,True,True,True
716,Bengaluru,2026-05-12,False,True,True,False,False,False
717,Pune,2026-05-17,True,True,True,False,False,False
718,Pune,2026-05-18,False,True,True,False,False,False
719,Kolkata,2026-05-19,False,True,True,True,True,True
720,Bengaluru,2026-05-25,False,True,True,False,False,False
721,Delhi,2026-06-06,False,True,True,False,False,False
722,Kolkata,2026-05-31,False,True,True,False,False,False
723,Pune,2026-06-01,False,True,True,True,True,True
724,Bengaluru,2026-06-14,False,True,True,False,False,False
725,Kolkata,2026-05-08,False,True,True,True,True,False
726,Bengaluru,2026-05-12,False,True,True,False,False,False
727,Kolkata,2026-06-21,True,True,True,True,False,False
728,Kolkata,2026-05-04,False,True,True,False,False,False
729,Hyderabad,2026-06-21,False,True,True,True,True,True
730,Mumbai,2026-05-08,True,True,False,False,False,False
731,Kolkata,2026-05-08,False,True,True,True,True,True
732,Delhi,2026-05-16,False,True,True,False,False,False
733,Kolkata,2026-06-08,False,True,False,False,False,False
734,Kolkata,2026-05-30,False,True,True,False,False,False
735,Delhi,2026-06-09,False,True,True,False,False,False
736,Hyderabad,2026-05-31,False,True,True,False,False,False
737,Delhi,2026-06-21,False,True,False,False,False,False
738,Hyderabad,2026-06-04,False,True,True,True,True,True
739,Delhi,2026-06-26,False,True,True,False,False,False
740,Bengaluru,2026-06-09,False,True,True,True,True,True
741,Mumbai,2026-05-29,False,True,True,False,False,False
742,Kolkata,2026-06-19,False,True,True,False,False,False
743,Delhi,2026-06-18,True,True,True,True,False,False
744,Bengaluru,2026-06-08,False,True,True,True,True,True
745,Pune,2026-06-20,False,True,True,True,True,True
746,Mumbai,2026-06-01,False,True,True,True,False,False
747,Hyderabad,2026-06-04,False,True,True,True,True,False
748,Delhi,2026-05-12,False,True,True,True,True,True
749,Hyderabad,2026-05-31,False,True,True,False,False,False
750,Mumbai,2026-05-03,False,True,True,True,False,False
751,Mumbai,2026-05-19,False,True,False,False,False,False
752,Mumbai,2026-05-27,True,True,True,True,False,False
753,Mumbai,2026-06-16,False,True,True,False,False,False
754,Hyderabad,2026-05-23,False,True,True,True,True,False
755,Pune,2026-05-25,True,True,True,False,False,False
756,Pune,2026-06-02,False,True,True,False,False,False
757,Kolkata,2026-06-21,False,True,True,False,False,False
758,Mumbai,2026-05-05,True,True,True,True,True,True
759,Pune,2026-05-28,False,True,True,True,True,True
760,Hyderabad,2026-06-18,False,True,True,True,True,True
761,Pune,2026-06-25,False,True,True,True,False,False
762,Mumbai,2026-05-01,False,True,True,True,True,True
763,Pune,2026-06-28,False,True,True,True,True,True
764,Mumbai,2026-05-21,True,True,True,True,True,True
765,Kolkata,2026-06-09,False,True,False,False,False,False
766,Delhi,2026-06-11,False,True,True,False,False,False
767,Kolkata,2026-06-04,False,True,True,True,True,True
768,Delhi,2026-06-07,False,True,True,True,True,True
769,Pune,2026-05-15,False,True,True,True,True,False
770,Kolkata,2026-05-05,False,True,False,False,False,False
771,Delhi,2026-06-03,False,True,True,True,True,True
772,Mumbai,2026-05-04,True,True,True,False,False,False
773,Hyderabad,2026-06-24,True,True,True,False,False,False
774,Bengaluru,2026-05-17,False,True,True,True,False,False
775,Hyderabad,2026-06-09,False,True,True,True,False,False
776,Bengaluru,2026-06-01,False,True,True,True,True,True
777,Kolkata,2026-05-04,False,True,True,True,True,True
778,Pune,2026-05-02,False,True,True,True,True,False
779,Pune,2026-05-02,False,True,False,False,False,False
780,Bengaluru,2026-06-08,False,True,True,False,False,False
781,Mumbai,2026-06-07,False,True,True,False,False,False
782,Hyderabad,2026-06-03,False,True,True,True,True,True
783,Kolkata,2026-06-13,False,True,True,False,False,False
784,Mumbai,2026-05-15,False,True,True,True,True,True
785,Bengaluru,2026-05-03,False,True,True,False,False,False
786,Hyderabad,2026-05-17,False,True,True,True,False,False
787,Kolkata,2026-05-01,False,True,True,False,False,False
788,Bengaluru,2026-06-11,False,True,True,True,True,True
789,Delhi,2026-05-09,False,True,True,False,False,False
790,Hyderabad,2026-05-23,True,True,True,True,True,True
791,Kolkata,2026-06-11,True,True,True,True,True,True
792,Hyderabad,2026-06-17,True,True,True,True,False,False
793,Pune,2026-05-07,False,True,True,True,False,False
794,Mumbai,2026-05-18,False,True,True,True,True,True
795,Mumbai,2026-05-16,False,True,True,False,False,False
796,Mumbai,2026-05-12,True,True,True,True,True,True
797,Kolkata,2026-06-09,True,True,True,True,True,True
798,Hyderabad,2026-05-21,True,True,True,True,True,True
799,Pune,2026-05-30,False,True,True,True,False,False
800,Pune,2026-06-06,False,True,True,True,True,True
801,Pune,2026-06-06,True,True,True,True,True,True
802,Kolkata,2026-06-01,True,True,True,True,True,True
803,Pune,2026-06-12,False,True,True,True,False,False
804,Hyderabad,2026-05-09,False,True,True,True,True,True
805,Delhi,2026-06-01,True,True,True,True,False,False
806,Pune,2026-05-22,True,True,True,True,False,False
807,Mumbai,2026-05-31,False,True,False,False,False,False
808,Kolkata,2026-05-31,False,True,True,True,True,True
809,Mumbai,2026-06-28,False,True,True,True,True,True
810,Kolkata,2026-06-08,False,True,False,False,False,False
811,Delhi,2026-05-11,True,True,True,False,False,False
812,Mumbai,2026-05-12,False,True,True,False,False,False
813,Delhi,2026-06-16,False,True,True,False,False,False
814,Hyderabad,2026-06-13,True,True,True,True,False,False
815,Bengaluru,2026-05-12,False,True,True,False,False,False
816,Delhi,2026-05-16,False,True,True,True,True,True
817,Mumbai,2026-06-29,False,True,False,False,False,False
818,Delhi,2026-06-23,True,True,True,True,False,False
819,Hyderabad,2026-06-19,False,True,True,False,False,False
820,Mumbai,2026-05-25,False,True,False,False,False,False
821,Hyderabad,2026-05-26,False,True,True,True,True,True
822,Delhi,2026-06-20,False,True,True,True,True,False
823,Pune,2026-05-15,False,True,False,False,False,False
824,Pune,2026-06-08,True,True,True,True,False,False
825,Kolkata,2026-06-03,False,True,False,False,False,False
826,Kolkata,2026-06-05,False,True,False,False,False,False
827,Pune,2026-06-05,False,True,True,True,True,True
828,Pune,2026-06-28,False,True,True,False,False,False
829,Bengaluru,2026-05-14,False,True,True,True,False,False
830,Kolkata,2026-05-07,False,True,True,False,False,False
831,Kolkata,2026-06-16,False,True,True,True,True,True
832,Kolkata,2026-05-15,True,True,False,False,False,False
833,Bengaluru,2026-05-17,True,True,True,True,False,False
834,Pune,2026-06-28,False,True,True,False,False,False
835,Delhi,2026-05-31,False,True,True,True,True,True
836,Hyderabad,2026-06-13,False,True,True,True,True,True
837,Mumbai,2026-05-16,False,True,False,False,False,False
838,Delhi,2026-06-27,False,True,True,True,False,False
839,Pune,2026-06-17,True,True,True,False,False,False
840,Bengaluru,2026-06-13,False,True,True,False,False,False
841,Hyderabad,2026-06-20,False,True,True,False,False,False
842,Pune,2026-05-13,False,True,True,True,True,True
843,Bengaluru,2026-05-08,True,True,True,False,False,False
844,Mumbai,2026-05-23,True,True,True,True,True,True
845,Hyderabad,2026-05-15,False,True,True,True,False,False
846,Kolkata,2026-06-03,False,True,True,False,False,False
847,Kolkata,2026-06-18,False,True,True,False,False,False
848,Bengaluru,2026-06-21,False,True,True,True,True,True
849,Mumbai,2026-06-07,False,True,True,True,True,True
850,Delhi,2026-05-13,False,True,True,False,False,False
851,Kolkata,2026-05-04,False,True,True,False,False,False
852,Bengaluru,2026-05-28,False,True,False,False,False,False
853,Mumbai,2026-05-28,False,True,True,True,True,True
854,Kolkata,2026-05-14,True,True,True,True,True,False
855,Pune,2026-05-15,True,True,True,False,False,False
856,Bengaluru,2026-06-16,False,True,True,True,True,True
857,Kolkata,2026-05-17,True,True,False,False,False,False
858,Mumbai,2026-06-26,False,True,True,True,True,True
859,Pune,2026-06-29,True,True,True,False,False,False
860,Mumbai,2026-05-04,False,True,True,True,True,True
861,Bengaluru,2026-06-05,False,True,True,True,False,False
862,Mumbai,2026-05-28,True,True,True,True,True,True
863,Delhi,2026-06-08,False,True,False,False,False,False
864,Delhi,2026-05-04,False,True,True,True,False,False
865,Hyderabad,2026-05-18,False,True,True,True,True,False
866,Mumbai,2026-06-14,False,True,True,True,True,True
867,Kolkata,2026-06-06,True,True,True,False,False,False
868,Hyderabad,2026-06-23,False,True,True,True,True,True
869,Bengaluru,2026-06-22,False,True,True,False,False,False
870,Kolkata,2026-05-18,False,True,True,False,False,False
871,Pune,2026-06-27,False,True,True,True,False,False
872,Mumbai,2026-05-04,False,True,True,False,False,False
873,Hyderabad,2026-05-06,True,True,True,True,True,True
874,Hyderabad,2026-06-01,False,True,True,False,False,False
875,Pune,2026-05-22,False,True,True,True,True,True
876,Mumbai,2026-05-15,True,True,True,True,False,False
877,Pune,2026-05-15,False,True,True,True,False,False
878,Bengaluru,2026-05-08,False,True,True,True,True,True
879,Pune,2026-05-03,False,True,True,True,True,True
880,Kolkata,2026-06-03,False,True,True,True,True,False
881,Kolkata,2026-05-08,True,True,True,True,True,True
882,Kolkata,2026-06-10,False,True,True,True,True,True
883,Kolkata,2026-05-13,False,True,True,True,True,True
884,Bengaluru,2026-06-01,True,True,True,True,True,True
885,Mumbai,2026-06-17,False,True,False,False,False,False
886,Kolkata,2026-06-14,True,True,True,True,False,False
887,Mumbai,2026-05-10,False,True,True,True,True,True
888,Delhi,2026-06-24,False,True,True,False,False,False
889,Kolkata,2026-05-14,False,True,True,True,True,False
890,Kolkata,2026-05-19,False,True,True,False,False,False
891,Bengaluru,2026-06-02,False,True,True,False,False,False
892,Delhi,2026-06-06,False,True,True,True,True,True
893,Hyderabad,2026-06-23,False,True,True,False,False,False
894,Pune,2026-06-15,False,True,True,False,False,False
895,Mumbai,2026-06-09,False,True,True,True,True,True
896,Bengaluru,2026-05-23,False,True,True,False,False,False
897,Delhi,2026-05-21,False,True,True,True,True,True
898,Bengaluru,2026-06-11,False,True,True,True,True,True
899,Delhi,2026-05-31,True,True,True,True,True,True
900,Kolkata,2026-06-22,True,True,True,False,False,False
901,Mumbai,2026-06-19,False,True,True,False,False,False
902,Kolkata,2026-06-14,True,True,True,True,False,False
903,Delhi,2026-05-24,False,True,True,False,False,False
904,Pune,2026-06-04,True,True,False,False,False,False
905,Pune,2026-06-18,False,True,True,True,True,True
906,Bengaluru,2026-05-25,False,True,True,False,False,False
907,Bengaluru,2026-06-02,False,True,True,True,True,True
908,Kolkata,2026-05-21,True,True,True,True,True,True
909,Kolkata,2026-06-26,False,True,True,True,False,False
910,Hyderabad,2026-06-09,False,True,True,False,False,False
911,Bengaluru,2026-06-26,False,True,False,False,False,False
912,Hyderabad,2026-05-15,False,True,True,False,False,False
913,Mumbai,2026-06-14,False,True,True,True,True,True
914,Delhi,2026-05-30,True,True,True,True,False,False
915,Pune,2026-05-12,True,True,True,False,False,False
916,Mumbai,2026-06-23,False,True,True,True,True,False
917,Kolkata,2026-05-26,False,True,True,False,False,False
918,Mumbai,2026-05-20,False,True,True,True,True,True
919,Mumbai,2026-06-24,False,True,True,True,True,True
920,Bengaluru,2026-05-22,True,True,True,True,False,False
921,Delhi,2026-05-04,False,True,True,True,True,True
922,Hyderabad,2026-05-07,False,True,True,False,False,False
923,Kolkata,2026-06-09,False,True,True,True,True,True
924,Pune,2026-05-13,False,True,True,False,False,False
925,Kolkata,2026-05-24,False,True,True,False,False,False
926,Delhi,2026-06-15,True,True,True,True,True,True
927,Kolkata,2026-05-14,False,True,True,True,True,False
928,Bengaluru,2026-05-20,False,True,True,False,False,False
929,Pune,2026-05-01,False,True,True,True,True,True
930,Pune,2026-06-09,True,True,True,False,False,False
931,Hyderabad,2026-05-23,False,True,True,False,False,False
932,Mumbai,2026-06-05,False,True,True,True,False,False
933,Bengaluru,2026-06-21,False,True,False,False,False,False
934,Kolkata,2026-06-17,False,True,True,True,True,True
935,Mumbai,2026-06-23,True,True,False,False,False,False
936,Kolkata,2026-05-27,False,True,True,False,False,False
937,Bengaluru,2026-06-16,False,True,True,True,True,False
938,Hyderabad,2026-06-18,False,True,True,True,True,True
939,Mumbai,2026-06-23,True,True,True,True,True,True
940,Bengaluru,2026-06-23,False,True,True,True,True,True
941,Pune,2026-06-22,False,True,True,False,False,False
942,Delhi,2026-06-12,False,True,True,True,True,True
943,Kolkata,2026-05-17,False,True,False,False,False,False
944,Hyderabad,2026-05-16,False,True,True,True,False,False
945,Mumbai,2026-05-09,False,True,True,True,False,False
946,Pune,2026-06-07,False,True,True,False,False,False
947,Delhi,2026-05-01,False,True,True,True,True,True
948,Hyderabad,2026-06-11,False,True,True,True,True,True
949,Mumbai,2026-05-24,False,True,True,True,True,True
950,Pune,2026-06-11,False,True,True,False,False,False
951,Kolkata,2026-06-27,False,True,True,True,True,True
952,Kolkata,2026-05-22,False,True,True,False,False,False
953,Mumbai,2026-06-12,False,True,True,True,True,False
954,Bengaluru,2026-05-06,True,True,True,False,False,False
955,Delhi,2026-06-23,True,True,True,True,True,True
956,Hyderabad,2026-06-04,False,True,True,True,False,False
957,Bengaluru,2026-06-10,False,True,True,False,False,False
958,Mumbai,2026-06-24,False,True,False,False,False,False
959,Delhi,2026-05-15,False,True,True,True,True,True
960,Bengaluru,2026-06-19,False,True,True,False,False,False
961,Pune,2026-05-01,False,True,False,False,False,False
962,Pune,2026-05-16,True,True,True,False,False,False
963,Hyderabad,2026-05-01,True,True,True,True,False,False
964,Hyderabad,2026-06-22,False,True,True,True,True,True
965,Bengaluru,2026-05-02,False,True,True,True,False,False
966,Delhi,2026-05-20,False,True,True,True,False,False
967,Kolkata,2026-06-14,True,True,True,False,False,False
968,Hyderabad,2026-05-27,True,True,True,True,True,False
969,Pune,2026-05-02,False,True,True,True,True,True
970,Mumbai,2026-06-04,True,True,True,True,False,False
971,Bengaluru,2026-06-27,True,True,True,False,False,False
972,Delhi,2026-05-14,False,True,True,False,False,False
973,Mumbai,2026-06-03,False,True,True,True,True,False
974,Mumbai,2026-06-20,False,True,True,True,True,True
975,Delhi,2026-06-15,False,True,True,True,True,True
976,Delhi,2026-05-23,False,True,True,True,False,False
977,Delhi,2026-06-06,True,True,True,True,False,False
978,Kolkata,2026-06-25,False,True,True,True,True,True
979,Delhi,2026-05-04,True,True,False,False,False,False
980,Kolkata,2026-06-09,False,True,True,True,True,True
981,Delhi,2026-05-18,False,True,True,True,True,True
982,Pune,2026-05-31,False,True,True,True,True,True
983,Pune,2026-05-15,False,True,True,True,True,True
984,Mumbai,2026-05-26,False,True,True,False,False,False
985,Bengaluru,2026-05-02,False,True,False,False,False,False
986,Hyderabad,2026-06-02,False,True,True,True,False,False
987,Mumbai,2026-06-04,False,True,False,False,False,False
988,Kolkata,2026-05-07,True,True,True,True,False,False
989,Delhi,2026-06-18,False,True,True,True,True,True
990,Kolkata,2026-05-16,True,True,True,False,False,False
991,Mumbai,2026-05-26,True,True,True,True,True,True
992,Hyderabad,2026-05-26,False,True,False,False,False,False
993,Kolkata,2026-06-18,False,True,False,False,False,False
994,Pune,2026-05-14,True,True,True,True,True,True
995,Mumbai,2026-06-11,False,True,False,False,False,False
996,Delhi,2026-06-17,False,True,True,True,True,True
997,Mumbai,2026-06-05,False,True,True,True,True,True
998,Hyderabad,2026-05-22,False,True,True,False,False,False
999,Pune,2026-06-20,False,True,True,True,True,True
1000,Pune,2026-06-17,False,True,True,False,False,False
1001,Bengaluru,2026-06-27,True,True,True,False,False,False
1002,Bengaluru,2026-05-29,False,True,True,True,False,False
1003,Kolkata,2026-05-08,False,True,False,False,False,False
1004,Kolkata,2026-06-24,False,True,True,False,False,False
1005,Kolkata,2026-06-03,True,True,True,False,False,False
1006,Kolkata,2026-05-31,False,True,True,True,True,True
1007,Kolkata,2026-06-26,False,True,False,False,False,False
1008,Mumbai,2026-05-12,True,True,True,True,False,False
1009,Delhi,2026-05-12,False,True,True,True,True,True
1010,Hyderabad,2026-06-17,False,True,True,True,True,True
1011,Pune,2026-05-22,False,True,True,True,False,False
1012,Delhi,2026-05-01,False,True,True,False,False,False
1013,Kolkata,2026-06-13,True,True,True,True,False,False
1014,Kolkata,2026-05-24,False,True,True,False,False,False
1015,Kolkata,2026-05-21,False,True,True,True,False,False
1016,Hyderabad,2026-06-26,True,True,True,False,False,False
1017,Mumbai,2026-06-15,False,True,True,True,True,True
1018,Delhi,2026-06-21,False,True,True,True,True,False
1019,Mumbai,2026-05-18,False,True,True,True,False,False
1020,Pune,2026-06-23,False,True,True,True,False,False
1021,Pune,2026-05-10,False,True,True,False,False,False
1022,Mumbai,2026-06-05,False,True,True,True,False,False
1023,Mumbai,2026-06-06,False,True,True,True,True,True
1024,Mumbai,2026-06-22,False,True,True,True,True,True
1025,Bengaluru,2026-05-29,True,True,True,True,False,False
1026,Mumbai,2026-05-11,False,True,True,True,True,True
1027,Mumbai,2026-05-26,False,True,True,True,False,False
1028,Pune,2026-05-13,False,True,True,False,False,False
1029,Pune,2026-06-15,False,True,True,True,False,False
1030,Bengaluru,2026-05-15,False,True,True,False,False,False
1031,Bengaluru,2026-06-13,False,True,True,True,True,True
1032,Bengaluru,2026-06-08,True,True,True,True,False,False
1033,Hyderabad,2026-06-09,True,True,True,True,True,True
1034,Delhi,2026-05-28,False,True,True,True,True,True
1035,Mumbai,2026-06-15,False,True,True,True,False,False
1036,Bengaluru,2026-06-11,True,True,True,False,False,False
1037,Delhi,2026-05-08,False,True,False,False,False,False
1038,Bengaluru,2026-06-26,False,True,True,True,True,True
1039,Kolkata,2026-05-04,True,True,False,False,False,False
1040,Hyderabad,2026-05-25,False,True,True,True,True,True
1041,Bengaluru,2026-06-04,False,True,True,False,False,False
1042,Kolkata,2026-05-04,False,True,True,True,True,True
1043,Hyderabad,2026-05-05,False,True,True,True,True,False
1044,Bengaluru,2026-06-15,True,True,False,False,False,False
1045,Delhi,2026-06-07,False,True,True,True,True,True
1046,Delhi,2026-05-24,False,True,True,False,False,False
1047,Bengaluru,2026-06-12,False,True,True,False,False,False
1048,Delhi,2026-06-16,False,True,True,True,True,True
1049,Bengaluru,2026-05-22,False,True,True,False,False,False
1050,Hyderabad,2026-06-18,False,True,True,True,False,False
1051,Mumbai,2026-05-23,False,True,True,True,True,True
1052,Delhi,2026-06-19,False,True,True,False,False,False
1053,Kolkata,2026-06-05,False,True,True,False,False,False
1054,Delhi,2026-06-13,False,True,True,True,True,True
1055,Delhi,2026-05-13,False,True,True,True,True,True
1056,Pune,2026-05-08,False,True,True,False,False,False
1057,Kolkata,2026-05-21,True,True,True,True,True,True
1058,Kolkata,2026-06-12,True,True,True,False,False,False
1059,Kolkata,2026-06-25,False,True,False,False,False,False
1060,Delhi,2026-06-05,False,True,True,True,False,False
1061,Mumbai,2026-05-27,False,True,True,False,False,False
1062,Hyderabad,2026-05-20,False,True,True,False,False,False
1063,Pune,2026-05-18,False,True,True,False,False,False
1064,Delhi,2026-05-01,False,True,True,False,False,False
1065,Bengaluru,2026-05-25,False,True,True,True,True,True
1066,Pune,2026-06-25,False,True,False,False,False,False
1067,Bengaluru,2026-06-22,True,True,True,False,False,False
1068,Mumbai,2026-05-19,True,True,False,False,False,False
1069,Mumbai,2026-06-11,False,True,False,False,False,False
1070,Bengaluru,2026-06-16,False,True,True,False,False,False
1071,Pune,2026-06-08,False,True,True,False,False,False
1072,Hyderabad,2026-06-09,False,True,True,False,False,False
1073,Hyderabad,2026-05-04,False,True,True,True,True,True
1074,Delhi,2026-05-19,False,True,True,True,True,True
1075,Hyderabad,2026-05-09,False,True,True,True,True,True
1076,Hyderabad,2026-05-20,False,True,True,True,True,True
1077,Kolkata,2026-06-08,False,True,True,True,True,True
1078,Delhi,2026-05-29,False,True,True,True,True,True
1079,Hyderabad,2026-06-07,False,True,True,True,True,True
1080,Mumbai,2026-05-05,False,True,True,False,False,False
1081,Delhi,2026-05-28,False,True,True,True,True,True
1082,Kolkata,2026-06-24,False,True,True,True,True,True
1083,Pune,2026-06-13,False,True,True,True,True,True
1084,Kolkata,2026-06-13,False,True,False,False,False,False
1085,Kolkata,2026-06-10,True,True,True,True,False,False
1086,Kolkata,2026-06-19,True,True,True,False,False,False
1087,Hyderabad,2026-05-15,False,True,True,False,False,False
1088,Bengaluru,2026-05-03,True,True,True,False,False,False
1089,Hyderabad,2026-05-29,False,True,True,False,False,False
1090,Hyderabad,2026-05-10,True,True,True,True,True,True
1091,Bengaluru,2026-05-13,False,True,True,True,False,False
1092,Bengaluru,2026-05-04,False,True,True,True,True,True
1093,Pune,2026-05-04,False,True,True,True,True,True
1094,Delhi,2026-06-10,False,True,False,False,False,False
1095,Mumbai,2026-06-21,False,True,True,False,False,False
1096,Bengaluru,2026-06-24,False,True,True,False,False,False
1097,Pune,2026-05-20,True,True,True,True,False,False
1098,Pune,2026-06-25,False,True,True,True,True,True
1099,Pune,2026-05-26,False,True,True,False,False,False
1100,Mumbai,2026-06-21,False,True,True,True,True,True
1101,Delhi,2026-06-01,False,True,True,True,True,True
1102,Pune,2026-05-11,False,True,True,True,True,True
1103,Hyderabad,2026-05-25,False,True,True,True,False,False
1104,Delhi,2026-05-22,False,True,True,True,True,True
1105,Bengaluru,2026-05-31,False,True,True,True,False,False
1106,Delhi,2026-05-16,False,True,True,True,True,True
1107,Bengaluru,2026-05-05,False,True,True,False,False,False
1108,Pune,2026-05-27,True,True,True,False,False,False
1109,Mumbai,2026-06-16,False,True,True,True,True,True
1110,Mumbai,2026-06-17,False,True,True,False,False,False
1111,Pune,2026-06-27,False,True,True,False,False,False
1112,Pune,2026-06-21,True,True,True,False,False,False
1113,Delhi,2026-05-21,True,True,True,True,True,True
1114,Bengaluru,2026-05-01,False,True,True,True,False,False
1115,Bengaluru,2026-06-07,True,True,True,True,True,True
1116,Mumbai,2026-05-05,False,True,True,True,False,False
1117,Mumbai,2026-05-12,False,True,True,False,False,False
1118,Delhi,2026-05-03,False,True,True,True,True,True
1119,Hyderabad,2026-05-26,False,True,True,True,True,True
1120,Hyderabad,2026-06-16,False,True,False,False,False,False
1121,Bengaluru,2026-05-21,False,True,True,False,False,False
1122,Kolkata,2026-06-28,False,True,True,False,False,False
1123,Delhi,2026-06-22,False,True,True,True,True,True
1124,Hyderabad,2026-05-08,False,True,True,True,True,True
1125,Mumbai,2026-05-10,True,True,True,True,True,True
1126,Delhi,2026-06-09,True,True,True,True,True,False
1127,Delhi,2026-05-09,False,True,True,False,False,False
1128,Pune,2026-06-20,False,True,True,False,False,False
1129,Pune,2026-05-05,False,True,False,False,False,False
1130,Delhi,2026-05-27,False,True,True,True,True,True
1131,Mumbai,2026-06-21,False,True,True,True,True,True
1132,Mumbai,2026-06-27,False,True,True,False,False,False
1133,Hyderabad,2026-06-08,False,True,False,False,False,False
1134,Delhi,2026-05-17,False,True,True,True,True,True
1135,Bengaluru,2026-05-24,False,True,True,True,True,True
1136,Bengaluru,2026-05-24,True,True,True,False,False,False
1137,Delhi,2026-06-20,False,True,True,True,True,True
1138,Bengaluru,2026-05-04,False,True,True,True,True,True
1139,Mumbai,2026-06-19,False,True,True,True,True,True
1140,Pune,2026-06-17,True,True,True,False,False,False
1141,Hyderabad,2026-05-20,False,True,True,False,False,False
1142,Delhi,2026-06-29,True,True,True,True,True,True
1143,Mumbai,2026-05-19,True,True,True,True,False,False
1144,Hyderabad,2026-06-06,False,True,True,True,False,False
1145,Mumbai,2026-05-16,False,True,True,True,True,True
1146,Pune,2026-06-23,False,True,True,True,True,True
1147,Delhi,2026-06-06,False,True,True,True,True,True
1148,Mumbai,2026-06-16,False,True,False,False,False,False
1149,Delhi,2026-05-19,False,True,True,False,False,False
1150,Pune,2026-05-07,False,True,True,True,True,True
1151,Bengaluru,2026-05-17,False,True,False,False,False,False
1152,Delhi,2026-06-02,False,True,True,False,False,False
1153,Pune,2026-06-19,False,True,True,True,True,True
1154,Mumbai,2026-06-19,False,True,True,False,False,False
1155,Kolkata,2026-05-03,True,True,True,True,True,True
1156,Hyderabad,2026-06-27,True,True,True,False,False,False
1157,Kolkata,2026-06-02,False,True,False,False,False,False
1158,Hyderabad,2026-06-03,False,True,True,True,False,False
1159,Delhi,2026-05-03,False,True,True,True,True,True
1160,Mumbai,2026-05-02,False,True,False,False,False,False
1161,Delhi,2026-06-20,False,True,True,False,False,False
1162,Delhi,2026-05-02,True,True,True,True,False,False
1163,Mumbai,2026-06-01,False,True,True,False,False,False
1164,Hyderabad,2026-05-10,False,True,True,True,True,True
1165,Kolkata,2026-06-23,False,True,True,False,False,False
1166,Kolkata,2026-05-24,False,True,True,False,False,False
1167,Mumbai,2026-05-12,False,True,True,True,True,True
1168,Hyderabad,2026-06-15,False,True,True,True,True,True
1169,Kolkata,2026-05-08,False,True,False,False,False,False
1170,Bengaluru,2026-05-20,False,True,True,False,False,False
1171,Bengaluru,2026-05-23,False,True,False,False,False,False
1172,Bengaluru,2026-05-19,False,True,True,True,True,True
1173,Bengaluru,2026-06-02,False,True,True,False,False,False
1174,Hyderabad,2026-05-08,False,True,True,False,False,False
1175,Mumbai,2026-05-05,False,True,True,False,False,False
1176,Delhi,2026-06-12,False,True,True,True,True,True
1177,Delhi,2026-06-18,False,True,True,False,False,False
1178,Kolkata,2026-06-11,False,True,True,True,True,True
1179,Pune,2026-06-27,False,True,False,False,False,False
1180,Kolkata,2026-05-26,False,True,True,False,False,False
1181,Mumbai,2026-05-25,False,True,True,True,True,True
1182,Mumbai,2026-05-25,False,True,False,False,False,False
1183,Mumbai,2026-06-04,False,True,True,True,True,True
1184,Delhi,2026-05-19,True,True,True,False,False,False
1185,Pune,2026-05-03,False,True,True,False,False,False
1186,Bengaluru,2026-05-28,True,True,True,False,False,False
1187,Mumbai,2026-06-06,False,True,True,False,False,False
1188,Hyderabad,2026-05-11,False,True,True,True,True,True
1189,Mumbai,2026-06-10,False,True,True,False,False,False
1190,Bengaluru,2026-05-02,False,True,True,False,False,False
1191,Mumbai,2026-05-29,False,True,True,False,False,False
1192,Delhi,2026-06-22,False,True,True,True,False,False
1193,Delhi,2026-05-01,False,True,True,False,False,False
1194,Hyderabad,2026-06-05,False,True,True,False,False,False
1195,Mumbai,2026-06-21,True,True,True,False,False,False
1196,Kolkata,2026-05-22,True,True,False,False,False,False
1197,Pune,2026-05-11,False,True,True,True,False,False
1198,Kolkata,2026-06-15,True,True,True,False,False,False
1199,Delhi,2026-05-02,True,True,True,True,False,False
1200,Mumbai,2026-05-05,False,True,False,False,False,False
1201,Hyderabad,2026-06-07,False,True,True,True,True,True
1202,Bengaluru,2026-06-02,True,True,True,False,False,False
1203,Delhi,2026-06-26,False,True,False,False,False,False
1204,Pune,2026-06-03,False,True,True,True,False,False
1205,Pune,2026-05-20,False,True,True,True,True,True
1206,Hyderabad,2026-05-16,False,True,True,True,False,False
1207,Kolkata,2026-06-01,False,True,True,True,True,True
1208,Mumbai,2026-05-13,False,True,False,False,False,False
1209,Hyderabad,2026-06-18,False,True,True,True,False,False
1210,Delhi,2026-05-18,True,True,True,True,True,True
1211,Mumbai,2026-05-29,False,True,True,True,False,False
1212,Delhi,2026-05-23,False,True,True,False,False,False
1213,Hyderabad,2026-05-30,False,True,True,True,True,True
1214,Mumbai,2026-05-09,False,True,True,True,True,True
1215,Pune,2026-06-03,False,True,True,True,False,False
1216,Bengaluru,2026-05-16,False,True,True,True,True,True
1217,Mumbai,2026-05-16,False,True,True,True,False,False
1218,Hyderabad,2026-06-17,False,True,True,True,False,False
1219,Mumbai,2026-05-09,False,True,True,True,False,False
1220,Delhi,2026-06-24,False,True,True,True,True,True
1221,Kolkata,2026-06-27,False,True,True,True,True,True
1222,Mumbai,2026-06-01,True,True,True,True,True,False
1223,Kolkata,2026-05-27,False,True,True,False,False,False
1224,Mumbai,2026-06-06,False,True,True,False,False,False
1225,Hyderabad,2026-06-23,True,True,True,True,True,False
1226,Delhi,2026-06-17,True,True,True,False,False,False
1227,Bengaluru,2026-06-06,True,True,True,False,False,False
1228,Hyderabad,2026-05-02,False,True,True,False,False,False
1229,Kolkata,2026-05-23,False,True,True,True,False,False
1230,Pune,2026-05-11,False,True,True,True,True,True
1231,Bengaluru,2026-05-11,True,True,True,True,True,True
1232,Delhi,2026-05-21,False,True,True,False,False,False
1233,Pune,2026-06-29,True,True,False,False,False,False
1234,Pune,2026-05-05,False,True,True,True,False,False
1235,Pune,2026-05-21,False,True,True,True,True,True
1236,Mumbai,2026-05-06,True,True,True,True,True,True
1237,Pune,2026-05-17,False,True,True,True,True,True
1238,Kolkata,2026-06-20,True,True,True,True,True,True
1239,Bengaluru,2026-05-22,False,True,True,True,True,True
1240,Hyderabad,2026-05-07,False,True,True,False,False,False
1241,Bengaluru,2026-06-21,False,True,False,False,False,False
1242,Mumbai,2026-05-14,False,True,True,True,True,True
1243,Bengaluru,2026-06-05,True,True,True,False,False,False
1244,Mumbai,2026-06-26,False,True,True,True,False,False
1245,Hyderabad,2026-05-14,True,True,True,False,False,False
1246,Hyderabad,2026-06-17,True,True,True,True,False,False
1247,Mumbai,2026-06-27,False,True,True,False,False,False
1248,Bengaluru,2026-05-23,False,True,False,False,False,False
1249,Kolkata,2026-06-03,False,True,True,False,False,False
1250,Mumbai,2026-06-10,False,True,True,False,False,False
1251,Hyderabad,2026-05-25,False,True,True,True,True,True
1252,Bengaluru,2026-05-19,False,True,True,False,False,False
1253,Delhi,2026-06-17,True,True,True,False,False,False
1254,Delhi,2026-05-18,False,True,True,True,True,True
1255,Pune,2026-06-28,True,True,True,False,False,False
1256,Delhi,2026-05-10,False,True,True,False,False,False
1257,Hyderabad,2026-06-02,False,True,True,True,True,True
1258,Bengaluru,2026-06-21,False,True,True,True,True,False
1259,Mumbai,2026-05-09,False,True,True,True,True,True
1260,Delhi,2026-05-03,False,True,True,True,True,True
1261,Bengaluru,2026-06-04,False,True,True,True,True,True
1262,Hyderabad,2026-05-17,False,True,False,False,False,False
1263,Kolkata,2026-05-16,True,True,True,True,False,False
1264,Mumbai,2026-05-21,False,True,True,False,False,False
1265,Pune,2026-05-01,False,True,True,True,True,True
1266,Bengaluru,2026-05-12,False,True,True,True,True,True
1267,Pune,2026-05-26,False,True,True,True,False,False
1268,Pune,2026-05-30,False,True,True,True,True,True
1269,Hyderabad,2026-05-16,False,True,True,True,True,False
1270,Hyderabad,2026-05-07,False,True,True,True,False,False
1271,Delhi,2026-06-10,False,True,False,False,False,False
1272,Hyderabad,2026-05-25,False,True,True,True,True,True
1273,Bengaluru,2026-05-15,False,True,True,True,True,True
1274,Kolkata,2026-05-27,False,True,True,False,False,False
1275,Pune,2026-06-17,True,True,True,True,False,False
1276,Bengaluru,2026-06-04,False,True,False,False,False,False
1277,Bengaluru,2026-06-14,False,True,True,False,False,False
1278,Delhi,2026-06-21,False,True,True,False,False,False
1279,Kolkata,2026-05-27,False,True,True,True,True,True
1280,Pune,2026-06-19,False,True,True,True,True,True
1281,Pune,2026-05-29,True,True,False,False,False,False
1282,Hyderabad,2026-06-29,True,True,True,True,True,True
1283,Delhi,2026-06-08,False,True,True,True,True,True
1284,Kolkata,2026-06-25,False,True,True,True,False,False
1285,Kolkata,2026-05-26,False,True,True,False,False,False
1286,Delhi,2026-05-12,False,True,True,True,True,False
1287,Pune,2026-05-16,False,True,True,False,False,False
1288,Hyderabad,2026-06-20,False,True,True,True,True,True
1289,Bengaluru,2026-06-23,True,True,True,True,True,True
1290,Kolkata,2026-05-25,False,True,True,True,False,False
1291,Hyderabad,2026-05-30,False,True,False,False,False,False
1292,Hyderabad,2026-05-18,False,True,True,True,False,False
1293,Mumbai,2026-05-11,False,True,True,False,False,False
1294,Mumbai,2026-06-05,False,True,True,True,True,True
1295,Mumbai,2026-06-22,True,True,True,True,False,False
1296,Mumbai,2026-06-21,False,True,True,True,True,True
1297,Kolkata,2026-06-24,True,True,True,False,False,False
1298,Delhi,2026-05-07,True,True,True,False,False,False
1299,Delhi,2026-05-07,True,True,True,True,False,False
1300,Hyderabad,2026-05-28,False,True,False,False,False,False
1301,Mumbai,2026-06-06,False,True,True,False,False,False
1302,Bengaluru,2026-05-31,False,True,True,False,False,False
1303,Delhi,2026-05-11,False,True,True,False,False,False
1304,Pune,2026-05-16,False,True,True,False,False,False
1305,Hyderabad,2026-05-19,False,True,True,True,True,True
1306,Kolkata,2026-05-26,False,True,True,True,False,False
1307,Mumbai,2026-05-19,False,True,True,False,False,False
1308,Pune,2026-05-28,False,True,True,False,False,False
1309,Delhi,2026-06-20,False,True,True,False,False,False
1310,Delhi,2026-05-13,False,True,True,True,True,True
1311,Delhi,2026-06-24,False,True,True,True,True,True
1312,Mumbai,2026-06-24,False,True,True,True,True,True
1313,Delhi,2026-05-26,True,True,True,True,False,False
1314,Pune,2026-06-15,False,True,True,False,False,False
1315,Hyderabad,2026-05-08,False,True,True,False,False,False
1316,Kolkata,2026-06-29,False,True,True,True,True,True
1317,Pune,2026-05-27,False,True,True,True,True,True
1318,Bengaluru,2026-06-17,True,True,False,False,False,False
1319,Hyderabad,2026-05-29,False,True,False,False,False,False
1320,Pune,2026-06-26,True,True,False,False,False,False
1321,Delhi,2026-06-26,False,True,True,True,False,False
1322,Hyderabad,2026-06-12,False,True,True,True,True,True
1323,Mumbai,2026-05-22,False,True,True,True,True,True
1324,Kolkata,2026-05-06,False,True,True,True,True,True
1325,Bengaluru,2026-05-12,False,True,True,False,False,False
1326,Hyderabad,2026-05-31,False,True,True,True,True,True
1327,Pune,2026-06-10,False,True,True,False,False,False
1328,Bengaluru,2026-05-31,False,True,True,True,True,True
1329,Kolkata,2026-06-16,False,True,False,False,False,False
1330,Mumbai,2026-05-18,False,True,True,True,True,True
1331,Kolkata,2026-05-30,False,True,True,True,True,True
1332,Hyderabad,2026-05-23,False,True,True,True,True,True
1333,Kolkata,2026-06-02,True,True,True,False,False,False
1334,Hyderabad,2026-05-31,False,True,True,True,False,False
1335,Mumbai,2026-05-16,False,True,True,False,False,False
1336,Bengaluru,2026-06-12,False,True,True,True,True,True
1337,Bengaluru,2026-06-21,False,True,True,False,False,False
1338,Mumbai,2026-05-30,False,True,True,True,True,True
1339,Mumbai,2026-05-02,True,True,True,True,True,True
1340,Kolkata,2026-06-18,False,True,True,True,True,True
1341,Delhi,2026-06-10,True,True,True,True,True,True
1342,Kolkata,2026-06-16,False,True,True,True,True,True
1343,Pune,2026-05-17,True,True,True,False,False,False
1344,Pune,2026-06-02,True,True,True,True,True,True
1345,Hyderabad,2026-06-06,True,True,True,False,False,False
1346,Bengaluru,2026-05-24,True,True,False,False,False,False
1347,Bengaluru,2026-05-09,False,True,True,False,False,False
1348,Delhi,2026-06-11,False,True,True,True,True,True
1349,Kolkata,2026-06-10,False,True,True,True,True,True
1350,Mumbai,2026-05-09,True,True,True,True,True,True
1351,Delhi,2026-05-29,False,True,True,True,True,True
1352,Pune,2026-05-28,False,True,True,True,False,False
1353,Kolkata,2026-06-11,False,True,True,True,True,True
1354,Pune,2026-05-01,False,True,True,True,False,False
1355,Mumbai,2026-06-29,False,True,True,True,True,True
1356,Pune,2026-05-01,False,True,True,True,False,False
1357,Pune,2026-06-12,False,True,True,True,True,True
1358,Pune,2026-06-28,False,True,True,False,False,False
1359,Pune,2026-05-13,True,True,True,False,False,False
1360,Delhi,2026-05-11,True,True,True,True,True,False
1361,Delhi,2026-05-03,False,True,True,True,False,False
1362,Kolkata,2026-05-22,True,True,True,False,False,False
1363,Mumbai,2026-05-16,False,True,True,True,True,True
1364,Mumbai,2026-06-15,True,True,True,True,False,False
1365,Bengaluru,2026-05-20,False,True,True,True,True,True
1366,Kolkata,2026-06-20,False,True,True,True,True,True
1367,Delhi,2026-05-19,False,True,True,True,True,True
1368,Bengaluru,2026-05-07,False,True,True,False,False,False
1369,Mumbai,2026-06-11,False,True,True,True,True,True
1370,Hyderabad,2026-05-13,False,True,True,True,True,True
1371,Delhi,2026-06-17,False,True,True,True,True,True
1372,Delhi,2026-05-10,False,True,True,True,False,False
1373,Kolkata,2026-05-12,False,True,True,True,True,True
1374,Mumbai,2026-05-20,False,True,True,True,False,False
1375,Mumbai,2026-06-27,False,True,True,True,True,True
1376,Bengaluru,2026-05-03,False,True,True,True,False,False
1377,Delhi,2026-05-30,True,True,True,False,False,False
1378,Bengaluru,2026-06-22,False,True,True,True,False,False
1379,Kolkata,2026-06-16,True,True,True,False,False,False
1380,Hyderabad,2026-05-20,False,True,True,True,True,True
1381,Mumbai,2026-06-07,True,True,True,True,True,True
1382,Pune,2026-06-27,False,True,True,True,True,True
1383,Kolkata,2026-06-17,False,True,True,True,True,True
1384,Bengaluru,2026-06-16,False,True,True,False,False,False
1385,Hyderabad,2026-05-03,False,True,True,False,False,False
1386,Bengaluru,2026-06-22,False,True,True,True,True,False
1387,Hyderabad,2026-05-15,False,True,True,True,False,False
1388,Pune,2026-05-15,False,True,True,True,True,True
1389,Kolkata,2026-06-13,False,True,True,False,False,False
1390,Kolkata,2026-05-24,False,True,True,True,False,False
1391,Kolkata,2026-05-09,False,True,True,True,True,True
1392,Pune,2026-06-21,False,True,True,True,True,True
1393,Delhi,2026-05-18,False,True,False,False,False,False
1394,Delhi,2026-05-27,False,True,True,True,True,True
1395,Bengaluru,2026-06-16,True,True,True,True,True,True
1396,Mumbai,2026-05-02,True,True,True,True,False,False
1397,Bengaluru,2026-06-20,False,True,False,False,False,False
1398,Hyderabad,2026-05-01,False,True,True,False,False,False
1399,Pune,2026-05-15,False,True,True,False,False,False
1400,Hyderabad,2026-06-20,False,True,True,True,True,True
1401,Hyderabad,2026-05-18,True,True,False,False,False,False
1402,Hyderabad,2026-05-25,False,True,True,True,True,False
1403,Delhi,2026-06-04,True,True,True,True,False,False
1404,Pune,2026-05-05,False,True,True,True,True,True
1405,Mumbai,2026-05-14,False,True,True,True,True,True
1406,Kolkata,2026-05-29,True,True,True,True,False,False
1407,Bengaluru,2026-05-10,False,True,True,True,True,True
1408,Mumbai,2026-05-29,False,True,True,True,True,True
1409,Hyderabad,2026-05-15,True,True,True,True,False,False
1410,Bengaluru,2026-06-28,False,True,True,True,True,True
1411,Delhi,2026-05-17,False,True,True,True,False,False
1412,Kolkata,2026-06-08,True,True,False,False,False,False
1413,Pune,2026-05-14,False,True,False,False,False,False
1414,Hyderabad,2026-05-15,False,True,True,True,False,False
1415,Hyderabad,2026-05-30,False,True,True,True,True,True
1416,Hyderabad,2026-05-04,False,True,True,True,True,True
1417,Hyderabad,2026-05-22,False,True,True,True,True,True
1418,Kolkata,2026-06-19,False,True,False,False,False,False
1419,Mumbai,2026-05-08,False,True,True,True,True,True
1420,Delhi,2026-05-31,False,True,True,True,True,True
1421,Hyderabad,2026-06-03,False,True,False,False,False,False
1422,Kolkata,2026-06-14,False,True,True,True,True,True
1423,Mumbai,2026-05-15,False,True,True,True,True,True
1424,Mumbai,2026-06-07,False,True,True,False,False,False
1425,Delhi,2026-06-01,False,True,True,False,False,False
1426,Hyderabad,2026-06-27,False,True,True,True,True,True
1427,Bengaluru,2026-05-24,False,True,True,False,False,False
1428,Hyderabad,2026-06-05,False,True,True,True,False,False
1429,Pune,2026-05-04,False,True,True,False,False,False
1430,Delhi,2026-05-25,False,True,True,True,True,True
1431,Pune,2026-06-17,True,True,True,True,False,False
1432,Kolkata,2026-06-19,False,True,True,False,False,False
1433,Kolkata,2026-05-14,False,True,False,False,False,False
1434,Pune,2026-06-24,False,True,True,False,False,False
1435,Mumbai,2026-06-26,False,True,True,True,False,False
1436,Bengaluru,2026-05-11,True,True,True,True,False,False
1437,Kolkata,2026-05-13,False,True,True,True,False,False
1438,Delhi,2026-06-11,False,True,True,False,False,False
1439,Delhi,2026-05-29,False,True,True,True,True,True
1440,Kolkata,2026-06-24,False,True,True,False,False,False
1441,Kolkata,2026-06-17,False,True,True,True,True,True
1442,Mumbai,2026-05-01,False,True,True,False,False,False
1443,Mumbai,2026-06-15,False,True,False,False,False,False
1444,Kolkata,2026-05-17,False,True,True,True,True,True
1445,Kolkata,2026-05-01,False,True,True,True,True,True
1446,Mumbai,2026-06-21,False,True,True,True,False,False
1447,Mumbai,2026-05-07,False,True,True,True,True,True
1448,Delhi,2026-06-16,True,True,True,True,False,False
1449,Pune,2026-06-10,False,True,True,True,False,False
1450,Delhi,2026-05-12,True,True,True,True,False,False
1451,Mumbai,2026-06-11,False,True,False,False,False,False
1452,Bengaluru,2026-05-29,False,True,False,False,False,False
1453,Delhi,2026-06-29,False,True,True,True,True,True
1454,Bengaluru,2026-06-26,True,True,True,True,True,True
1455,Bengaluru,2026-06-24,False,True,True,False,False,False
1456,Kolkata,2026-06-03,False,True,True,False,False,False
1457,Delhi,2026-05-25,False,True,True,True,True,True
1458,Bengaluru,2026-05-12,False,True,True,True,False,False
1459,Pune,2026-06-15,False,True,False,False,False,False
1460,Hyderabad,2026-05-27,True,True,True,False,False,False
1461,Hyderabad,2026-06-05,False,True,True,True,True,True
1462,Kolkata,2026-05-22,False,True,True,False,False,False
1463,Kolkata,2026-06-18,False,True,True,True,True,True
1464,Delhi,2026-06-14,False,True,True,False,False,False
1465,Hyderabad,2026-05-01,True,True,True,True,False,False
1466,Pune,2026-05-09,False,True,True,True,True,True
1467,Bengaluru,2026-06-11,True,True,True,True,True,True
1468,Delhi,2026-05-19,False,True,True,True,True,True
1469,Bengaluru,2026-05-31,False,True,True,False,False,False
1470,Pune,2026-06-17,False,True,True,True,True,True
1471,Bengaluru,2026-05-26,True,True,True,True,False,False
1472,Kolkata,2026-06-23,False,True,True,True,True,True
1473,Delhi,2026-05-17,False,True,True,True,True,True
1474,Hyderabad,2026-05-18,True,True,True,True,True,True
1475,Pune,2026-05-04,False,True,True,True,True,True
1476,Bengaluru,2026-05-10,False,True,True,False,False,False
1477,Bengaluru,2026-06-22,False,True,True,False,False,False
1478,Bengaluru,2026-06-06,True,True,True,True,False,False
1479,Mumbai,2026-05-04,False,True,True,False,False,False
1480,Bengaluru,2026-05-23,False,True,True,True,True,True
1481,Delhi,2026-06-27,False,True,True,True,False,False
1482,Hyderabad,2026-05-03,False,True,True,True,True,True
1483,Delhi,2026-06-28,False,True,True,True,False,False
1484,Bengaluru,2026-06-07,False,True,True,True,True,True
1485,Kolkata,2026-06-02,True,True,True,False,False,False
1486,Pune,2026-05-03,False,True,True,True,True,True
1487,Pune,2026-06-02,False,True,True,False,False,False
1488,Pune,2026-06-29,False,True,False,False,False,False
1489,Pune,2026-05-23,True,True,True,False,False,False
1490,Delhi,2026-05-05,False,True,True,False,False,False
1491,Hyderabad,2026-06-03,False,True,False,False,False,False
1492,Kolkata,2026-06-03,False,True,True,False,False,False
1493,Mumbai,2026-06-02,False,True,False,False,False,False
1494,Pune,2026-06-14,False,True,True,True,False,False
1495,Hyderabad,2026-06-11,True,True,True,False,False,False
1496,Bengaluru,2026-05-26,False,True,True,True,True,True
1497,Delhi,2026-06-19,False,True,True,False,False,False
1498,Pune,2026-05-19,False,True,True,True,True,True
1499,Hyderabad,2026-05-08,True,True,True,True,True,True
1500,Mumbai,2026-06-10,False,True,True,True,True,True
1501,Bengaluru,2026-05-23,False,True,False,False,False,False
1502,Hyderabad,2026-05-08,False,True,True,True,True,True
1503,Mumbai,2026-06-01,True,True,True,False,False,False
1504,Delhi,2026-05-31,False,True,True,False,False,False
1505,Delhi,2026-06-07,False,True,True,True,True,True
1506,Kolkata,2026-05-04,False,True,True,False,False,False
1507,Hyderabad,2026-06-02,True,True,True,True,True,True
1508,Delhi,2026-06-14,False,True,True,False,False,False
1509,Delhi,2026-05-12,False,True,True,False,False,False
1510,Mumbai,2026-06-18,True,True,True,False,False,False
1511,Bengaluru,2026-06-27,False,True,False,False,False,False
1512,Bengaluru,2026-05-18,False,True,True,True,False,False
1513,Kolkata,2026-06-10,True,True,True,True,False,False
1514,Kolkata,2026-05-22,False,True,True,True,True,False
1515,Delhi,2026-05-13,True,True,True,True,False,False
1516,Delhi,2026-05-22,False,True,True,False,False,False
1517,Mumbai,2026-05-29,False,True,True,True,True,False
1518,Kolkata,2026-05-03,False,True,True,True,True,True
1519,Delhi,2026-05-13,False,True,True,True,True,True
1520,Kolkata,2026-06-05,False,True,True,False,False,False
1521,Mumbai,2026-06-22,False,True,False,False,False,False
1522,Bengaluru,2026-05-01,False,True,True,False,False,False
1523,Pune,2026-06-10,False,True,True,True,False,False
1524,Delhi,2026-05-30,False,True,True,True,True,True
1525,Pune,2026-05-13,False,True,True,True,False,False
1526,Hyderabad,2026-05-26,False,True,False,False,False,False
1527,Pune,2026-05-13,True,True,True,False,False,False
1528,Hyderabad,2026-06-04,False,True,True,False,False,False
1529,Mumbai,2026-05-11,False,True,True,False,False,False
1530,Pune,2026-05-10,False,True,True,True,True,True
1531,Bengaluru,2026-06-20,False,True,True,False,False,False
1532,Pune,2026-06-02,False,True,True,True,True,True
1533,Bengaluru,2026-06-16,True,True,True,True,True,True
1534,Hyderabad,2026-06-15,False,True,True,True,True,True
1535,Pune,2026-05-13,True,True,True,True,True,True
1536,Mumbai,2026-06-09,False,True,True,True,True,True
1537,Kolkata,2026-05-04,False,True,False,False,False,False
1538,Mumbai,2026-05-16,False,True,True,True,True,True
1539,Hyderabad,2026-06-06,False,True,True,False,False,False
1540,Mumbai,2026-06-10,True,True,True,True,False,False
1541,Hyderabad,2026-06-26,False,True,True,False,False,False
1542,Kolkata,2026-06-02,False,True,True,False,False,False
1543,Mumbai,2026-05-06,True,True,True,True,False,False
1544,Bengaluru,2026-06-29,False,True,True,False,False,False
1545,Kolkata,2026-06-24,False,True,True,False,False,False
1546,Kolkata,2026-05-29,False,True,True,True,True,True
1547,Pune,2026-05-07,False,True,True,True,True,True
1548,Hyderabad,2026-06-29,False,True,True,True,False,False
1549,Pune,2026-05-21,True,True,True,True,True,True
1550,Hyderabad,2026-06-10,True,True,True,False,False,False
1551,Hyderabad,2026-05-23,True,True,True,True,False,False
1552,Pune,2026-06-16,False,True,True,True,False,False
1553,Hyderabad,2026-05-27,True,True,True,True,True,True
1554,Pune,2026-06-28,False,True,True,False,False,False
1555,Bengaluru,2026-06-01,False,True,False,False,False,False
1556,Mumbai,2026-06-23,False,True,True,False,False,False
1557,Pune,2026-06-13,True,True,True,True,True,True
1558,Kolkata,2026-06-22,False,True,True,True,True,True
1559,Kolkata,2026-06-10,True,True,True,True,True,True
1560,Bengaluru,2026-06-23,True,True,True,True,True,True
1561,Hyderabad,2026-06-09,False,True,True,True,True,True
1562,Bengaluru,2026-06-12,True,True,True,True,False,False
1563,Delhi,2026-05-06,False,True,True,True,False,False
1564,Delhi,2026-05-07,False,True,True,False,False,False
1565,Bengaluru,2026-05-17,False,True,True,True,True,True
1566,Hyderabad,2026-05-06,False,True,True,True,False,False
1567,Pune,2026-06-23,False,True,True,True,True,True
1568,Delhi,2026-06-10,False,True,True,True,True,True
1569,Kolkata,2026-05-09,False,True,True,True,True,True
1570,Pune,2026-06-13,False,True,True,True,False,False
1571,Hyderabad,2026-06-16,False,True,True,False,False,False
1572,Delhi,2026-05-07,False,True,True,True,True,True
1573,Hyderabad,2026-06-07,True,True,True,False,False,False
1574,Hyderabad,2026-06-24,False,True,False,False,False,False
1575,Delhi,2026-06-19,True,True,True,False,False,False
1576,Kolkata,2026-06-05,False,True,True,True,True,True
1577,Pune,2026-05-29,False,True,False,False,False,False
1578,Mumbai,2026-06-23,True,True,False,False,False,False
1579,Delhi,2026-06-25,False,True,True,False,False,False
1580,Bengaluru,2026-05-29,True,True,True,True,False,False
1581,Kolkata,2026-05-03,False,True,True,False,False,False
1582,Kolkata,2026-06-12,False,True,True,False,False,False
1583,Hyderabad,2026-06-08,True,True,True,True,True,True
1584,Mumbai,2026-05-19,False,True,False,False,False,False
1585,Bengaluru,2026-06-22,False,True,True,False,False,False
1586,Pune,2026-06-18,False,True,False,False,False,False
1587,Mumbai,2026-05-13,True,True,True,True,False,False
1588,Hyderabad,2026-05-10,False,True,True,False,False,False
1589,Pune,2026-05-31,False,True,True,True,True,True
1590,Mumbai,2026-05-03,False,True,True,True,True,True
1591,Mumbai,2026-05-11,False,True,True,False,False,False
1592,Hyderabad,2026-06-17,False,True,True,True,True,True
1593,Delhi,2026-05-13,False,True,True,True,True,True
1594,Kolkata,2026-05-10,False,True,True,True,True,True
1595,Delhi,2026-06-21,True,True,True,True,False,False
1596,Kolkata,2026-05-11,False,True,True,False,False,False
1597,Pune,2026-05-25,False,True,True,True,False,False
1598,Mumbai,2026-05-27,False,True,False,False,False,False
1599,Mumbai,2026-06-19,True,True,False,False,False,False
1600,Delhi,2026-06-06,False,True,True,True,True,True
1601,Delhi,2026-06-26,False,True,False,False,False,False
1602,Pune,2026-05-28,False,True,True,True,True,True
1603,Hyderabad,2026-06-21,False,True,True,True,True,True
1604,Delhi,2026-05-16,False,True,True,True,True,True
1605,Pune,2026-05-23,False,True,True,True,True,False
1606,Delhi,2026-05-23,False,True,True,False,False,False
1607,Delhi,2026-05-16,False,True,True,True,False,False
1608,Hyderabad,2026-06-23,False,True,True,True,False,False
1609,Bengaluru,2026-05-24,True,True,False,False,False,False
1610,Pune,2026-06-29,False,True,True,True,False,False
1611,Kolkata,2026-05-25,False,True,True,False,False,False
1612,Bengaluru,2026-06-26,False,True,True,False,False,False
1613,Kolkata,2026-06-27,False,True,True,False,False,False
1614,Kolkata,2026-05-04,False,True,True,False,False,False
1615,Kolkata,2026-05-25,False,True,True,False,False,False
1616,Delhi,2026-05-04,True,True,True,True,False,False
1617,Pune,2026-06-05,False,True,True,False,False,False
1618,Pune,2026-05-05,False,True,True,True,True,True
1619,Bengaluru,2026-05-10,False,True,True,True,True,True
1620,Pune,2026-06-27,False,True,True,True,True,True
1621,Mumbai,2026-05-04,False,True,True,False,False,False
1622,Hyderabad,2026-06-04,False,True,True,True,False,False
1623,Pune,2026-05-19,False,True,True,True,True,True
1624,Bengaluru,2026-06-04,False,True,False,False,False,False
1625,Hyderabad,2026-05-18,False,True,True,True,False,False
1626,Delhi,2026-05-08,True,True,True,True,False,False
1627,Delhi,2026-06-12,False,True,True,False,False,False
1628,Delhi,2026-06-25,False,True,True,False,False,False
1629,Mumbai,2026-05-31,False,True,True,True,True,True
1630,Pune,2026-05-29,False,True,True,True,True,False
1631,Pune,2026-05-13,False,True,True,False,False,False
1632,Delhi,2026-05-25,True,True,True,True,False,False
1633,Pune,2026-05-29,False,True,True,True,True,True
1634,Hyderabad,2026-05-21,True,True,True,False,False,False
1635,Pune,2026-06-04,False,True,True,True,False,False
1636,Kolkata,2026-06-28,False,True,True,True,False,False
1637,Pune,2026-06-01,False,True,True,False,False,False
1638,Hyderabad,2026-05-22,False,True,True,False,False,False
1639,Mumbai,2026-05-13,False,True,True,False,False,False
1640,Pune,2026-06-06,False,True,True,True,False,False
1641,Kolkata,2026-05-18,False,True,True,True,True,True
1642,Delhi,2026-05-08,True,True,True,True,False,False
1643,Hyderabad,2026-05-19,False,True,True,False,False,False
1644,Delhi,2026-05-07,False,True,True,False,False,False
1645,Pune,2026-05-10,False,True,False,False,False,False
1646,Mumbai,2026-05-19,False,True,True,True,True,True
1647,Bengaluru,2026-06-08,True,True,True,False,False,False
1648,Pune,2026-06-27,False,True,True,False,False,False
1649,Hyderabad,2026-06-19,False,True,True,True,False,False
1650,Mumbai,2026-06-04,False,True,False,False,False,False
1651,Mumbai,2026-06-10,False,True,True,True,True,True
1652,Delhi,2026-06-13,False,True,True,False,False,False
1653,Bengaluru,2026-05-03,False,True,True,False,False,False
1654,Mumbai,2026-05-18,False,True,False,False,False,False
1655,Bengaluru,2026-06-24,True,True,True,True,True,True
1656,Delhi,2026-06-15,False,True,True,True,True,True
1657,Kolkata,2026-05-06,False,True,True,True,True,True
1658,Bengaluru,2026-05-17,False,True,True,False,False,False
1659,Hyderabad,2026-06-14,False,True,True,True,False,False
1660,Kolkata,2026-06-13,False,True,True,True,False,False
1661,Hyderabad,2026-05-09,False,True,True,False,False,False
1662,Bengaluru,2026-06-12,False,True,False,False,False,False
1663,Bengaluru,2026-05-25,False,True,False,False,False,False
1664,Hyderabad,2026-05-16,False,True,True,True,True,True
1665,Kolkata,2026-05-07,False,True,True,True,True,True
1666,Bengaluru,2026-06-19,False,True,True,True,True,True
1667,Mumbai,2026-05-13,False,True,True,False,False,False
1668,Kolkata,2026-05-31,False,True,True,False,False,False
1669,Delhi,2026-06-13,True,True,True,True,False,False
1670,Hyderabad,2026-06-20,False,True,True,False,False,False
1671,Bengaluru,2026-05-29,False,True,True,False,False,False
1672,Mumbai,2026-06-24,False,True,True,True,True,True
1673,Pune,2026-05-18,False,True,True,True,False,False
1674,Bengaluru,2026-05-23,False,True,True,False,False,False
1675,Bengaluru,2026-05-16,False,True,True,True,True,True
1676,Kolkata,2026-06-28,False,True,True,True,True,True
1677,Pune,2026-06-23,False,True,True,True,False,False
1678,Kolkata,2026-06-14,False,True,True,True,True,True
1679,Pune,2026-06-14,True,True,True,True,False,False
1680,Kolkata,2026-05-14,False,True,True,True,True,True
1681,Bengaluru,2026-06-24,False,True,False,False,False,False
1682,Delhi,2026-06-27,False,True,True,False,False,False
1683,Pune,2026-05-31,False,True,True,True,False,False
1684,Pune,2026-06-08,False,True,True,True,True,True
1685,Hyderabad,2026-05-20,False,True,True,False,False,False
1686,Mumbai,2026-05-22,False,True,True,False,False,False
1687,Kolkata,2026-06-14,False,True,True,False,False,False
1688,Pune,2026-05-27,False,True,True,True,True,True
1689,Hyderabad,2026-06-09,False,True,False,False,False,False
1690,Kolkata,2026-05-27,False,True,True,True,True,True
1691,Bengaluru,2026-06-13,False,True,True,True,True,True
1692,Kolkata,2026-05-29,False,True,True,True,False,False
1693,Bengaluru,2026-06-19,True,True,True,False,False,False
1694,Hyderabad,2026-06-17,False,True,True,True,True,True
1695,Hyderabad,2026-06-24,False,True,True,True,True,True
1696,Hyderabad,2026-05-21,False,True,True,False,False,False
1697,Pune,2026-06-04,False,True,True,False,False,False
1698,Hyderabad,2026-05-14,False,True,False,False,False,False
1699,Hyderabad,2026-06-02,False,True,True,False,False,False
1700,Bengaluru,2026-06-09,False,True,True,True,True,True
1701,Hyderabad,2026-06-17,True,True,False,False,False,False
1702,Kolkata,2026-06-18,False,True,True,True,True,True
1703,Bengaluru,2026-05-23,False,True,True,True,True,True
1704,Bengaluru,2026-06-12,False,True,True,False,False,False
1705,Bengaluru,2026-06-10,False,True,False,False,False,False
1706,Kolkata,2026-05-04,False,True,True,True,True,True
1707,Hyderabad,2026-05-05,True,True,True,True,True,True
1708,Delhi,2026-05-17,False,True,True,False,False,False
1709,Pune,2026-05-15,True,True,True,False,False,False
1710,Hyderabad,2026-05-24,False,True,False,False,False,False
1711,Bengaluru,2026-05-11,False,True,True,True,True,True
1712,Mumbai,2026-05-23,False,True,True,False,False,False
1713,Kolkata,2026-05-15,True,True,True,True,True,True
1714,Pune,2026-05-01,False,True,True,False,False,False
1715,Kolkata,2026-05-12,False,True,True,True,True,True
1716,Hyderabad,2026-06-26,False,True,False,False,False,False
1717,Hyderabad,2026-06-03,False,True,True,True,True,True
1718,Mumbai,2026-05-22,False,True,False,False,False,False
1719,Pune,2026-06-15,False,True,True,True,True,True
1720,Mumbai,2026-06-28,False,True,True,True,True,True
1721,Pune,2026-06-17,True,True,True,False,False,False
1722,Bengaluru,2026-06-13,False,True,True,True,True,True
1723,Hyderabad,2026-06-24,False,True,True,False,False,False
1724,Bengaluru,2026-05-06,False,True,True,False,False,False
1725,Kolkata,2026-05-10,False,True,True,True,True,True
1726,Mumbai,2026-05-10,True,True,True,True,True,True
1727,Bengaluru,2026-05-28,False,True,True,True,False,False
1728,Bengaluru,2026-05-11,False,True,False,False,False,False
1729,Mumbai,2026-05-28,False,True,True,False,False,False
1730,Mumbai,2026-06-02,False,True,True,False,False,False
1731,Bengaluru,2026-05-28,False,True,True,True,True,True
1732,Bengaluru,2026-05-17,False,True,False,False,False,False
1733,Kolkata,2026-06-26,False,True,True,False,False,False
1734,Kolkata,2026-05-30,False,True,True,False,False,False
1735,Mumbai,2026-06-27,False,True,True,False,False,False
1736,Delhi,2026-06-13,False,True,True,False,False,False
1737,Delhi,2026-05-24,False,True,True,True,False,False
1738,Hyderabad,2026-06-20,False,True,True,True,True,True
1739,Mumbai,2026-05-08,False,True,True,True,True,True
1740,Pune,2026-05-21,False,True,True,True,True,True
1741,Hyderabad,2026-06-26,True,True,True,True,True,True
1742,Pune,2026-06-23,False,True,True,False,False,False
1743,Bengaluru,2026-06-05,False,True,True,False,False,False
1744,Kolkata,2026-05-21,False,True,True,True,True,True
1745,Pune,2026-05-13,False,True,True,True,False,False
1746,Bengaluru,2026-06-23,False,True,True,True,True,True
1747,Kolkata,2026-06-09,False,True,True,True,True,True
1748,Pune,2026-05-19,True,True,True,True,True,True
1749,Mumbai,2026-05-05,False,True,False,False,False,False
1750,Mumbai,2026-06-01,True,True,True,True,False,False
1751,Mumbai,2026-05-01,False,True,True,False,False,False
1752,Kolkata,2026-06-13,False,True,True,True,True,True
1753,Delhi,2026-06-09,False,True,True,False,False,False
1754,Bengaluru,2026-05-14,False,True,True,False,False,False
1755,Pune,2026-06-16,False,True,True,True,True,False
1756,Kolkata,2026-06-07,False,True,True,False,False,False
1757,Kolkata,2026-05-24,False,True,True,True,True,True
1758,Pune,2026-06-08,False,True,True,True,False,False
1759,Delhi,2026-06-21,True,True,True,True,True,True
1760,Pune,2026-05-19,False,True,True,False,False,False
1761,Mumbai,2026-06-06,True,True,True,True,False,False
1762,Kolkata,2026-06-15,False,True,False,False,False,False
1763,Hyderabad,2026-06-15,False,True,True,True,False,False
1764,Kolkata,2026-06-29,False,True,True,False,False,False
1765,Bengaluru,2026-05-28,False,True,True,True,True,True
1766,Pune,2026-06-08,True,True,False,False,False,False
1767,Bengaluru,2026-06-16,True,True,True,True,False,False
1768,Mumbai,2026-05-25,False,True,True,True,True,True
1769,Hyderabad,2026-05-25,False,True,True,True,False,False
1770,Hyderabad,2026-06-08,True,True,True,True,False,False
1771,Pune,2026-06-24,False,True,True,True,True,True
1772,Bengaluru,2026-05-14,False,True,True,False,False,False
1773,Mumbai,2026-06-19,False,True,True,False,False,False
1774,Mumbai,2026-06-09,False,True,True,True,True,True
1775,Hyderabad,2026-06-17,False,True,True,False,False,False
1776,Delhi,2026-06-07,False,True,True,True,False,False
1777,Kolkata,2026-06-29,False,True,True,True,True,True
1778,Mumbai,2026-06-21,False,True,True,False,False,False
1779,Mumbai,2026-06-13,False,True,True,True,False,False
1780,Pune,2026-06-24,False,True,True,False,False,False
1781,Mumbai,2026-05-20,True,True,True,True,False,False
1782,Kolkata,2026-06-06,False,True,True,True,True,True
1783,Kolkata,2026-06-29,False,True,True,False,False,False
1784,Pune,2026-05-25,False,True,True,False,False,False
1785,Kolkata,2026-05-22,False,True,True,True,True,True
1786,Hyderabad,2026-06-02,False,True,True,True,True,True
1787,Bengaluru,2026-05-09,False,True,True,False,False,False
1788,Hyderabad,2026-06-29,False,True,True,False,False,False
1789,Pune,2026-05-17,False,True,True,False,False,False
1790,Hyderabad,2026-05-23,False,True,True,True,False,False
1791,Pune,2026-06-21,False,True,False,False,False,False
1792,Hyderabad,2026-06-18,False,True,True,False,False,False
1793,Delhi,2026-06-26,False,True,True,True,True,True
1794,Delhi,2026-05-19,True,True,True,True,True,True
1795,Kolkata,2026-06-04,False,True,True,True,True,True
1796,Mumbai,2026-05-27,True,True,True,True,False,False
1797,Pune,2026-05-07,False,True,True,False,False,False
1798,Delhi,2026-05-20,False,True,True,True,True,True
1799,Delhi,2026-06-01,False,True,True,True,True,True
1800,Kolkata,2026-05-26,False,True,True,True,False,False
1801,Bengaluru,2026-06-19,False,True,True,False,False,False
1802,Pune,2026-05-18,False,True,False,False,False,False
1803,Kolkata,2026-05-23,False,True,True,False,False,False
1804,Hyderabad,2026-05-16,False,True,True,True,True,True
1805,Delhi,2026-06-03,True,True,True,True,False,False
1806,Mumbai,2026-06-17,False,True,True,True,True,True
1807,Pune,2026-06-19,False,True,True,True,True,True
1808,Hyderabad,2026-06-01,True,True,True,True,True,True
1809,Pune,2026-05-25,False,True,True,False,False,False
1810,Kolkata,2026-05-04,True,True,True,True,True,True
1811,Mumbai,2026-05-24,False,True,True,False,False,False
1812,Pune,2026-06-29,False,True,False,False,False,False
1813,Bengaluru,2026-06-17,False,True,True,True,False,False
1814,Hyderabad,2026-06-16,False,True,False,False,False,False
1815,Delhi,2026-06-08,False,True,False,False,False,False
1816,Pune,2026-05-11,False,True,True,True,False,False
1817,Delhi,2026-05-04,False,True,True,True,False,False
1818,Delhi,2026-06-12,False,True,True,True,True,True
1819,Mumbai,2026-06-11,False,True,False,False,False,False
1820,Kolkata,2026-05-03,True,True,True,True,False,False
1821,Delhi,2026-06-11,False,True,True,True,True,True
1822,Mumbai,2026-06-16,False,True,True,False,False,False
1823,Delhi,2026-05-06,False,True,True,False,False,False
1824,Hyderabad,2026-06-04,True,True,True,False,False,False
1825,Delhi,2026-06-14,False,True,True,True,True,True
1826,Pune,2026-05-20,False,True,True,True,True,True
1827,Delhi,2026-05-09,False,True,True,True,True,True
1828,Bengaluru,2026-05-13,False,True,True,False,False,False
1829,Hyderabad,2026-06-05,False,True,True,False,False,False
1830,Kolkata,2026-05-27,True,True,True,True,False,False
1831,Mumbai,2026-05-31,False,True,True,True,True,True
1832,Kolkata,2026-06-19,False,True,True,False,False,False
1833,Kolkata,2026-05-05,True,True,True,False,False,False
1834,Bengaluru,2026-06-01,False,True,True,True,True,True
1835,Hyderabad,2026-06-11,False,True,True,True,False,False
1836,Bengaluru,2026-06-12,False,True,True,False,False,False
1837,Delhi,2026-05-25,False,True,True,True,True,True
1838,Bengaluru,2026-06-09,False,True,True,True,True,True
1839,Pune,2026-05-22,False,True,True,False,False,False
1840,Mumbai,2026-05-31,True,True,True,True,True,True
1841,Hyderabad,2026-05-23,False,True,True,True,True,True
1842,Bengaluru,2026-05-27,False,True,True,True,True,True
1843,Delhi,2026-05-19,True,True,True,True,True,True
1844,Pune,2026-05-07,False,True,True,True,True,True
1845,Delhi,2026-06-16,False,True,False,False,False,False
1846,Hyderabad,2026-06-07,False,True,True,False,False,False
1847,Delhi,2026-06-05,False,True,True,True,True,True
1848,Pune,2026-06-15,False,True,True,True,True,True
1849,Kolkata,2026-06-07,True,True,True,True,False,False
1850,Pune,2026-05-27,True,True,True,True,False,False
1851,Mumbai,2026-05-12,False,True,False,False,False,False
1852,Hyderabad,2026-06-06,False,True,True,False,False,False
1853,Hyderabad,2026-05-24,False,True,True,False,False,False
1854,Bengaluru,2026-06-14,False,True,True,True,True,True
1855,Bengaluru,2026-06-23,False,True,False,False,False,False
1856,Mumbai,2026-05-14,False,True,False,False,False,False
1857,Delhi,2026-06-12,False,True,True,True,True,True
1858,Kolkata,2026-05-02,False,True,True,True,False,False
1859,Delhi,2026-06-25,False,True,True,True,False,False
1860,Delhi,2026-06-22,False,True,True,True,True,True
1861,Mumbai,2026-05-28,False,True,True,True,True,True
1862,Mumbai,2026-05-27,False,True,True,True,True,True
1863,Mumbai,2026-06-16,False,True,True,True,True,True
1864,Mumbai,2026-06-16,False,True,True,False,False,False
1865,Hyderabad,2026-06-12,True,True,True,False,False,False
1866,Delhi,2026-06-20,False,True,True,True,True,True
1867,Bengaluru,2026-06-14,False,True,True,True,False,False
1868,Delhi,2026-05-27,False,True,True,True,True,True
1869,Bengaluru,2026-06-11,True,True,True,False,False,False
1870,Mumbai,2026-06-18,False,True,True,True,True,True
1871,Delhi,2026-06-23,True,True,True,False,False,False
1872,Pune,2026-06-17,False,True,True,True,True,True
1873,Pune,2026-06-25,False,True,True,True,False,False
1874,Pune,2026-06-29,False,True,True,False,False,False
1875,Mumbai,2026-05-05,False,True,True,True,True,True
1876,Pune,2026-05-22,True,True,True,True,False,False
1877,Kolkata,2026-05-06,False,True,True,True,True,True
1878,Delhi,2026-06-01,False,True,True,True,True,True
1879,Kolkata,2026-05-16,False,True,True,False,False,False
1880,Delhi,2026-05-31,False,True,True,False,False,False
1881,Mumbai,2026-05-26,False,True,True,False,False,False
1882,Hyderabad,2026-06-18,False,True,False,False,False,False
1883,Hyderabad,2026-05-05,False,True,True,True,True,True
1884,Hyderabad,2026-06-07,False,True,True,False,False,False
1885,Delhi,2026-05-09,False,True,True,False,False,False
1886,Hyderabad,2026-05-10,True,True,True,False,False,False
1887,Delhi,2026-06-15,False,True,True,True,True,True
1888,Pune,2026-06-14,False,True,True,False,False,False
1889,Kolkata,2026-05-02,False,True,True,True,True,False
1890,Kolkata,2026-05-12,True,True,True,False,False,False
1891,Kolkata,2026-06-19,True,True,True,True,False,False
1892,Mumbai,2026-05-17,False,True,True,True,True,True
1893,Kolkata,2026-06-21,False,True,True,True,True,True
1894,Hyderabad,2026-05-13,True,True,False,False,False,False
1895,Pune,2026-06-26,True,True,False,False,False,False
1896,Kolkata,2026-06-21,False,True,True,False,False,False
1897,Bengaluru,2026-05-11,True,True,True,False,False,False
1898,Bengaluru,2026-05-29,False,True,True,True,True,True
1899,Pune,2026-05-23,False,True,True,True,True,True
1900,Bengaluru,2026-05-18,False,True,True,False,False,False
1901,Delhi,2026-06-11,False,True,True,True,False,False
1902,Hyderabad,2026-05-08,False,True,True,True,True,True
1903,Mumbai,2026-05-26,False,True,True,True,False,False
1904,Mumbai,2026-05-01,False,True,True,True,True,True
1905,Mumbai,2026-06-04,False,True,True,True,True,True
1906,Mumbai,2026-06-27,False,True,True,True,True,True
1907,Mumbai,2026-05-02,False,True,True,False,False,False
1908,Pune,2026-05-23,False,True,True,True,True,True
1909,Delhi,2026-05-04,True,True,True,True,False,False
1910,Pune,2026-05-15,True,True,True,True,False,False
1911,Delhi,2026-06-14,True,True,True,False,False,False
1912,Delhi,2026-06-03,False,True,True,False,False,False
1913,Delhi,2026-05-24,True,True,True,True,True,True
1914,Bengaluru,2026-06-01,False,True,True,True,True,True
1915,Bengaluru,2026-06-06,False,True,True,True,True,True
1916,Kolkata,2026-05-13,False,True,True,False,False,False
1917,Delhi,2026-06-09,False,True,True,True,True,True
1918,Delhi,2026-05-29,False,True,True,True,True,True
1919,Mumbai,2026-05-15,False,True,True,True,True,True
1920,Mumbai,2026-05-06,False,True,True,True,True,True
1921,Kolkata,2026-06-11,False,True,True,True,False,False
1922,Bengaluru,2026-05-06,True,True,True,True,True,True
1923,Hyderabad,2026-05-30,False,True,True,True,True,True
1924,Kolkata,2026-05-20,False,True,True,False,False,False
1925,Kolkata,2026-06-16,False,True,True,False,False,False
1926,Kolkata,2026-05-03,False,True,True,False,False,False
1927,Bengaluru,2026-06-20,False,True,True,False,False,False
1928,Delhi,2026-05-07,False,True,True,False,False,False
1929,Pune,2026-05-14,False,True,True,True,True,True
1930,Mumbai,2026-05-22,False,True,True,True,True,True
1931,Pune,2026-06-20,False,True,True,True,False,False
1932,Pune,2026-05-10,True,True,True,False,False,False
1933,Mumbai,2026-06-29,True,True,True,True,True,True
1934,Bengaluru,2026-06-13,False,True,True,False,False,False
1935,Bengaluru,2026-06-06,False,True,True,True,True,True
1936,Delhi,2026-06-22,False,True,True,False,False,False
1937,Pune,2026-06-10,False,True,False,False,False,False
1938,Hyderabad,2026-05-02,False,True,True,False,False,False
1939,Hyderabad,2026-05-19,True,True,True,False,False,False
1940,Delhi,2026-06-22,True,True,False,False,False,False
1941,Hyderabad,2026-06-24,False,True,False,False,False,False
1942,Bengaluru,2026-05-08,False,True,True,False,False,False
1943,Bengaluru,2026-05-08,True,True,True,True,True,True
1944,Mumbai,2026-06-09,False,True,True,True,True,True
1945,Delhi,2026-06-27,True,True,True,True,False,False
1946,Pune,2026-05-27,True,True,True,True,False,False
1947,Mumbai,2026-06-01,False,True,True,True,False,False
1948,Delhi,2026-05-05,False,True,True,False,False,False
1949,Kolkata,2026-05-24,False,True,True,False,False,False
1950,Mumbai,2026-06-04,False,True,True,False,False,False
1951,Bengaluru,2026-06-26,False,True,True,False,False,False
1952,Bengaluru,2026-06-11,True,True,True,False,False,False
1953,Mumbai,2026-05-04,False,True,True,False,False,False
1954,Pune,2026-06-23,False,True,True,True,True,True
1955,Delhi,2026-06-17,False,True,True,True,True,True
1956,Hyderabad,2026-06-15,False,True,True,False,False,False
1957,Bengaluru,2026-05-15,False,True,False,False,False,False
1958,Pune,2026-05-12,True,True,True,False,False,False
1959,Bengaluru,2026-06-26,False,True,True,False,False,False
1960,Pune,2026-05-12,False,True,True,False,False,False
1961,Kolkata,2026-05-02,True,True,True,True,False,False
1962,Delhi,2026-06-10,False,True,True,False,False,False
1963,Pune,2026-05-14,False,True,True,True,False,False
1964,Mumbai,2026-05-18,True,True,True,True,True,True
1965,Hyderabad,2026-06-27,False,True,True,False,False,False
1966,Mumbai,2026-06-07,True,True,True,False,False,False
1967,Pune,2026-05-26,False,True,True,True,True,True
1968,Mumbai,2026-05-27,True,True,True,False,False,False
1969,Mumbai,2026-05-29,True,True,True,False,False,False
1970,Hyderabad,2026-05-09,False,True,True,True,False,False
1971,Kolkata,2026-05-03,True,True,True,True,True,True
1972,Delhi,2026-05-16,False,True,True,True,False,False
1973,Kolkata,2026-06-13,False,True,True,True,True,True
1974,Delhi,2026-06-26,False,True,True,True,False,False
1975,Delhi,2026-06-17,False,True,False,False,False,False
1976,Delhi,2026-06-08,False,True,True,True,True,True
1977,Pune,2026-05-16,False,True,True,False,False,False
1978,Pune,2026-06-01,False,True,True,False,False,False
1979,Pune,2026-05-04,False,True,True,True,True,True
1980,Mumbai,2026-05-20,False,True,True,True,True,True
1981,Delhi,2026-06-21,False,True,False,False,False,False
1982,Bengaluru,2026-05-06,False,True,True,True,True,True
1983,Mumbai,2026-06-15,False,True,True,True,False,False
1984,Delhi,2026-06-06,False,True,True,True,True,True
1985,Bengaluru,2026-05-04,False,True,True,False,False,False
1986,Delhi,2026-05-19,False,True,True,True,True,True
1987,Delhi,2026-06-04,False,True,True,True,True,True
1988,Delhi,2026-06-19,False,True,True,True,True,True
1989,Kolkata,2026-05-27,True,True,True,False,False,False
1990,Delhi,2026-05-19,False,True,True,False,False,False
1991,Hyderabad,2026-05-17,False,True,False,False,False,False
1992,Bengaluru,2026-05-31,False,True,True,True,True,True
1993,Mumbai,2026-05-27,True,True,True,False,False,False
1994,Mumbai,2026-06-28,False,True,True,False,False,False
1995,Bengaluru,2026-05-22,False,True,True,True,True,False
1996,Mumbai,2026-05-28,False,True,True,True,False,False
1997,Kolkata,2026-05-17,False,True,True,True,False,False
1998,Bengaluru,2026-06-15,False,True,True,True,False,False
1999,Pune,2026-05-20,False,True,True,True,True,True
2000,Kolkata,2026-06-17,False,True,True,False,False,False
2001,Mumbai,2026-06-29,False,True,True,True,True,True
2002,Hyderabad,2026-05-13,False,True,True,False,False,False
2003,Pune,2026-06-06,False,True,True,True,True,True
2004,Mumbai,2026-05-27,False,True,True,True,True,True
2005,Kolkata,2026-06-23,False,True,True,False,False,False
2006,Bengaluru,2026-05-17,False,True,True,True,True,False
2007,Hyderabad,2026-06-02,False,True,True,True,True,True
2008,Mumbai,2026-05-08,False,True,False,False,False,False
2009,Kolkata,2026-05-20,False,True,True,True,True,True
2010,Delhi,2026-06-14,False,True,True,False,False,False
2011,Kolkata,2026-05-02,False,True,True,True,True,True
2012,Bengaluru,2026-05-02,False,True,True,False,False,False
2013,Pune,2026-06-25,False,True,True,True,True,True
2014,Delhi,2026-06-24,True,True,True,True,True,True
2015,Mumbai,2026-05-13,False,True,True,False,False,False
2016,Pune,2026-05-20,False,True,True,False,False,False
2017,Delhi,2026-06-21,False,True,True,False,False,False
2018,Kolkata,2026-06-17,False,True,True,False,False,False
2019,Hyderabad,2026-06-23,False,True,True,False,False,False
2020,Hyderabad,2026-05-29,False,True,True,True,False,False
2021,Delhi,2026-06-21,False,True,True,True,True,True
2022,Delhi,2026-05-09,False,True,True,True,True,True
2023,Bengaluru,2026-06-09,False,True,True,True,True,True
2024,Kolkata,2026-06-09,True,True,True,True,True,True
2025,Pune,2026-05-18,False,True,True,True,True,True
2026,Hyderabad,2026-06-22,False,True,False,False,False,False
2027,Bengaluru,2026-06-19,False,True,True,True,True,True
2028,Delhi,2026-05-08,True,True,True,True,False,False
2029,Delhi,2026-06-07,False,True,True,False,False,False
2030,Kolkata,2026-05-23,True,True,True,True,False,False
2031,Mumbai,2026-05-03,False,True,True,False,False,False
2032,Pune,2026-05-29,False,True,True,False,False,False
2033,Delhi,2026-06-13,False,True,True,True,True,True
2034,Hyderabad,2026-06-14,False,True,True,True,True,True
2035,Mumbai,2026-05-29,False,True,True,True,True,True
2036,Mumbai,2026-06-06,False,True,True,False,False,False
2037,Pune,2026-06-02,False,True,False,False,False,False
2038,Mumbai,2026-06-29,False,True,True,True,True,True
2039,Delhi,2026-06-05,False,True,True,True,False,False
2040,Hyderabad,2026-06-04,False,True,False,False,False,False
2041,Mumbai,2026-06-27,False,True,True,False,False,False
2042,Bengaluru,2026-05-05,True,True,True,True,False,False
2043,Delhi,2026-06-11,False,True,True,False,False,False
2044,Mumbai,2026-05-15,False,True,True,False,False,False
2045,Delhi,2026-05-25,False,True,True,True,True,True
2046,Kolkata,2026-05-11,False,True,True,False,False,False
2047,Bengaluru,2026-06-24,True,True,True,True,False,False
2048,Bengaluru,2026-05-24,True,True,True,True,False,False
2049,Delhi,2026-05-18,False,True,True,True,True,True
2050,Delhi,2026-05-21,False,True,True,True,True,True
2051,Pune,2026-06-02,False,True,True,True,False,False
2052,Delhi,2026-06-07,False,True,True,True,True,True
2053,Pune,2026-05-18,True,True,True,True,False,False
2054,Hyderabad,2026-06-16,False,True,False,False,False,False
2055,Hyderabad,2026-05-20,False,True,True,True,False,False
2056,Delhi,2026-06-27,False,True,True,False,False,False
2057,Kolkata,2026-05-26,False,True,True,True,True,True
2058,Kolkata,2026-06-09,False,True,True,True,True,True
2059,Kolkata,2026-05-04,True,True,True,True,False,False
2060,Delhi,2026-06-02,False,True,True,True,True,True
2061,Pune,2026-05-28,False,True,False,False,False,False
2062,Hyderabad,2026-05-03,True,True,True,False,False,False
2063,Hyderabad,2026-05-26,False,True,True,True,True,True
2064,Bengaluru,2026-05-21,True,True,True,False,False,False
2065,Pune,2026-06-29,False,True,True,True,False,False
2066,Pune,2026-05-08,False,True,False,False,False,False
2067,Bengaluru,2026-06-10,False,True,True,True,True,False
2068,Delhi,2026-06-25,False,True,True,False,False,False
2069,Mumbai,2026-05-23,True,True,True,True,False,False
2070,Hyderabad,2026-05-13,False,True,True,True,False,False
2071,Mumbai,2026-05-28,False,True,True,True,True,True
2072,Hyderabad,2026-05-10,False,True,True,False,False,False
2073,Hyderabad,2026-06-28,False,True,True,True,True,True
2074,Delhi,2026-05-14,False,True,True,False,False,False
2075,Bengaluru,2026-06-08,False,True,True,True,False,False
2076,Bengaluru,2026-06-01,False,True,True,True,True,True
2077,Kolkata,2026-06-10,False,True,True,True,True,True
2078,Mumbai,2026-05-30,True,True,True,True,False,False
2079,Pune,2026-05-09,True,True,True,True,True,True
2080,Bengaluru,2026-06-24,True,True,False,False,False,False
2081,Bengaluru,2026-06-03,False,True,True,False,False,False
2082,Delhi,2026-05-19,False,True,True,True,True,True
2083,Hyderabad,2026-06-26,False,True,True,False,False,False
2084,Bengaluru,2026-05-05,True,True,True,False,False,False
2085,Mumbai,2026-05-12,False,True,True,True,True,True
2086,Pune,2026-05-03,False,True,True,True,True,True
2087,Bengaluru,2026-06-18,False,True,True,True,True,True
2088,Pune,2026-06-10,False,True,False,False,False,False
2089,Delhi,2026-05-26,False,True,True,False,False,False
2090,Delhi,2026-05-01,False,True,True,True,True,False
2091,Kolkata,2026-05-27,False,True,True,True,False,False
2092,Bengaluru,2026-05-12,True,True,True,False,False,False
2093,Hyderabad,2026-06-07,False,True,True,True,False,False
2094,Pune,2026-05-17,False,True,True,False,False,False
2095,Hyderabad,2026-06-07,True,True,True,True,True,True
2096,Pune,2026-05-23,False,True,True,True,True,True
2097,Bengaluru,2026-05-27,True,True,True,True,False,False
2098,Hyderabad,2026-05-31,True,True,False,False,False,False
2099,Bengaluru,2026-05-31,True,True,True,True,False,False
2100,Delhi,2026-05-15,False,True,True,True,True,True
2101,Mumbai,2026-05-08,False,True,True,True,True,True
2102,Kolkata,2026-05-20,False,True,True,True,True,True
2103,Pune,2026-06-11,False,True,True,True,False,False
2104,Kolkata,2026-05-06,False,True,True,True,True,True
2105,Kolkata,2026-05-28,True,True,True,False,False,False
2106,Pune,2026-06-11,False,True,True,False,False,False
2107,Mumbai,2026-06-12,False,True,True,False,False,False
2108,Pune,2026-06-16,False,True,True,True,True,True
2109,Hyderabad,2026-06-05,False,True,False,False,False,False
2110,Bengaluru,2026-05-04,False,True,True,True,True,True
2111,Delhi,2026-05-22,False,True,True,True,True,True
2112,Pune,2026-05-16,False,True,True,True,True,True
2113,Delhi,2026-06-05,False,True,True,True,True,False
2114,Hyderabad,2026-05-22,False,True,True,False,False,False
2115,Mumbai,2026-06-28,False,True,True,False,False,False
2116,Delhi,2026-05-07,True,True,True,True,False,False
2117,Mumbai,2026-05-26,False,True,True,False,False,False
2118,Kolkata,2026-05-02,False,True,True,True,True,True
2119,Kolkata,2026-05-23,False,True,True,True,True,True
2120,Hyderabad,2026-05-19,False,True,True,True,True,True
2121,Pune,2026-06-08,True,True,True,False,False,False
2122,Mumbai,2026-05-08,False,True,True,False,False,False
2123,Kolkata,2026-06-29,True,True,True,False,False,False
2124,Pune,2026-06-22,False,True,True,True,True,True
2125,Hyderabad,2026-06-19,True,True,True,True,True,True
2126,Kolkata,2026-06-03,False,True,True,True,True,True
2127,Mumbai,2026-06-19,False,True,False,False,False,False
2128,Kolkata,2026-05-14,False,True,False,False,False,False
2129,Mumbai,2026-05-14,False,True,True,True,True,True
2130,Pune,2026-05-28,False,True,True,True,True,True
2131,Mumbai,2026-06-29,False,True,True,False,False,False
2132,Pune,2026-05-24,True,True,True,True,True,True
2133,Mumbai,2026-06-01,False,True,True,True,False,False
2134,Delhi,2026-05-21,False,True,True,True,True,True
2135,Delhi,2026-05-17,False,True,True,True,True,True
2136,Pune,2026-06-22,False,True,False,False,False,False
2137,Delhi,2026-05-19,True,True,True,False,False,False
2138,Kolkata,2026-05-26,False,True,True,False,False,False
2139,Pune,2026-06-06,False,True,True,False,False,False
2140,Pune,2026-05-16,False,True,True,True,True,True
2141,Delhi,2026-05-11,False,True,True,False,False,False
2142,Delhi,2026-05-20,False,True,False,False,False,False
2143,Pune,2026-05-09,True,True,True,False,False,False
2144,Pune,2026-06-11,False,True,True,True,False,False
2145,Delhi,2026-05-22,True,True,True,False,False,False
2146,Mumbai,2026-06-16,True,True,False,False,False,False
2147,Hyderabad,2026-06-20,False,True,True,False,False,False
2148,Pune,2026-05-11,False,True,True,True,True,True
2149,Bengaluru,2026-05-31,False,True,True,True,True,True
2150,Hyderabad,2026-05-20,False,True,True,False,False,False
2151,Hyderabad,2026-06-10,False,True,False,False,False,False
2152,Pune,2026-05-19,False,True,True,True,True,True
2153,Kolkata,2026-05-09,False,True,True,False,False,False
2154,Hyderabad,2026-05-08,False,True,True,True,True,True
2155,Hyderabad,2026-05-16,False,True,True,False,False,False
2156,Kolkata,2026-05-31,False,True,True,True,False,False
2157,Pune,2026-05-11,False,True,True,False,False,False
2158,Bengaluru,2026-05-22,False,True,False,False,False,False
2159,Delhi,2026-06-25,False,True,True,True,True,True
2160,Kolkata,2026-06-25,False,True,True,True,True,True
2161,Mumbai,2026-05-05,False,True,True,True,True,False
2162,Bengaluru,2026-05-18,False,True,True,True,True,True
2163,Bengaluru,2026-06-25,True,True,True,False,False,False
2164,Pune,2026-06-14,False,True,True,False,False,False
2165,Hyderabad,2026-06-02,True,True,True,True,False,False
2166,Bengaluru,2026-05-24,False,True,True,True,True,True
2167,Delhi,2026-06-13,True,True,True,False,False,False
2168,Bengaluru,2026-05-13,False,True,True,True,False,False
2169,Hyderabad,2026-06-13,False,True,True,True,True,True
2170,Kolkata,2026-05-30,False,True,True,True,True,True
2171,Mumbai,2026-06-02,False,True,True,False,False,False
2172,Bengaluru,2026-05-08,False,True,True,True,True,True
2173,Mumbai,2026-06-05,False,True,True,False,False,False
2174,Bengaluru,2026-05-23,False,True,True,True,True,True
2175,Bengaluru,2026-05-11,False,True,True,True,True,True
2176,Bengaluru,2026-05-28,True,True,False,False,False,False
2177,Mumbai,2026-06-15,False,True,True,False,False,False
2178,Pune,2026-05-20,False,True,False,False,False,False
2179,Kolkata,2026-06-01,True,True,True,False,False,False
2180,Hyderabad,2026-05-10,False,True,True,True,True,True
2181,Mumbai,2026-06-25,False,True,False,False,False,False
2182,Hyderabad,2026-05-28,False,True,True,True,True,True
2183,Mumbai,2026-05-30,True,True,True,False,False,False
2184,Mumbai,2026-06-26,True,True,True,False,False,False
2185,Delhi,2026-05-15,False,True,True,False,False,False
2186,Bengaluru,2026-05-15,False,True,True,False,False,False
2187,Delhi,2026-05-28,False,True,True,True,True,True
2188,Bengaluru,2026-05-03,True,True,False,False,False,False
2189,Mumbai,2026-05-29,False,True,True,True,False,False
2190,Kolkata,2026-06-21,True,True,True,False,False,False
2191,Mumbai,2026-05-23,False,True,True,False,False,False
2192,Pune,2026-06-22,False,True,True,True,False,False
2193,Bengaluru,2026-06-13,False,True,True,True,True,True
2194,Hyderabad,2026-05-14,False,True,True,True,False,False
2195,Bengaluru,2026-06-11,False,True,True,False,False,False
2196,Mumbai,2026-06-08,False,True,True,True,True,True
2197,Mumbai,2026-06-14,False,True,True,False,False,False
2198,Mumbai,2026-05-10,False,True,True,True,True,True
2199,Delhi,2026-05-28,True,True,True,False,False,False
2200,Mumbai,2026-06-19,False,True,True,True,True,True
2201,Hyderabad,2026-06-13,False,True,True,True,True,True
2202,Delhi,2026-05-07,False,True,True,False,False,False
2203,Pune,2026-05-15,False,True,True,True,True,True
2204,Mumbai,2026-05-19,False,True,True,False,False,False
2205,Delhi,2026-05-12,False,True,True,True,True,True
2206,Pune,2026-06-20,False,True,False,False,False,False
2207,Hyderabad,2026-05-24,False,True,True,True,True,True
2208,Bengaluru,2026-05-28,False,True,True,False,False,False
2209,Mumbai,2026-06-02,False,True,True,True,False,False
2210,Hyderabad,2026-06-26,False,True,True,False,False,False
2211,Hyderabad,2026-05-21,False,True,True,True,True,True
2212,Kolkata,2026-05-09,False,True,True,True,False,False
2213,Bengaluru,2026-05-03,False,True,False,False,False,False
2214,Hyderabad,2026-05-21,False,True,True,False,False,False
2215,Mumbai,2026-05-23,True,True,True,False,False,False
2216,Kolkata,2026-06-06,True,True,True,True,True,True
2217,Delhi,2026-05-21,False,True,True,False,False,False
2218,Bengaluru,2026-06-17,False,True,True,True,True,False
2219,Hyderabad,2026-06-17,True,True,True,False,False,False
2220,Mumbai,2026-06-09,False,True,True,True,True,True
2221,Mumbai,2026-05-15,False,True,True,True,True,True
2222,Pune,2026-05-31,True,True,True,True,True,True
2223,Hyderabad,2026-06-22,False,True,True,True,True,True
2224,Mumbai,2026-05-22,False,True,True,False,False,False
2225,Hyderabad,2026-06-06,False,True,True,True,True,True
2226,Mumbai,2026-05-20,False,True,True,False,False,False
2227,Mumbai,2026-06-15,False,True,True,True,True,True
2228,Kolkata,2026-06-22,False,True,True,True,False,False
2229,Pune,2026-05-27,False,True,True,True,False,False
2230,Bengaluru,2026-05-17,False,True,True,True,True,True
2231,Mumbai,2026-06-14,False,True,True,True,True,True
2232,Delhi,2026-06-08,True,True,True,True,True,True
2233,Kolkata,2026-05-18,False,True,True,True,True,True
2234,Hyderabad,2026-05-27,False,True,True,True,True,True
2235,Kolkata,2026-06-18,False,True,False,False,False,False
2236,Delhi,2026-06-25,False,True,True,False,False,False
2237,Delhi,2026-06-01,True,True,True,True,False,False
2238,Bengaluru,2026-06-13,False,True,True,True,True,True
2239,Pune,2026-06-23,False,True,False,False,False,False
2240,Pune,2026-06-27,False,True,True,False,False,False
2241,Bengaluru,2026-06-14,False,True,True,True,False,False
2242,Mumbai,2026-06-15,False,True,True,False,False,False
2243,Pune,2026-06-09,False,True,True,True,True,True
2244,Bengaluru,2026-05-22,False,True,False,False,False,False
2245,Pune,2026-06-12,False,True,True,True,False,False
2246,Delhi,2026-06-23,True,True,True,True,False,False
2247,Mumbai,2026-06-20,False,True,True,True,True,True
2248,Pune,2026-05-23,False,True,True,True,False,False
2249,Delhi,2026-05-18,True,True,True,False,False,False
2250,Bengaluru,2026-05-17,True,True,True,False,False,False
2251,Pune,2026-06-10,False,True,False,False,False,False
2252,Bengaluru,2026-05-03,False,True,True,True,True,True
2253,Hyderabad,2026-06-02,False,True,True,True,True,True
2254,Bengaluru,2026-05-16,False,True,True,True,False,False
2255,Hyderabad,2026-06-20,False,True,False,False,False,False
2256,Kolkata,2026-05-09,False,True,True,False,False,False
2257,Delhi,2026-05-04,False,True,True,True,True,True
2258,Kolkata,2026-06-27,False,True,True,True,True,True
2259,Kolkata,2026-06-02,True,True,True,True,True,True
2260,Mumbai,2026-06-11,False,True,True,True,True,True
2261,Hyderabad,2026-06-21,False,True,True,True,True,True
2262,Mumbai,2026-06-22,False,True,True,True,True,False
2263,Mumbai,2026-05-19,False,True,True,True,True,True
2264,Mumbai,2026-05-03,False,True,True,True,False,False
2265,Mumbai,2026-06-10,False,True,True,False,False,False
2266,Pune,2026-06-08,False,True,True,True,True,True
2267,Kolkata,2026-06-10,False,True,True,True,True,True
2268,Hyderabad,2026-05-21,False,True,True,False,False,False
2269,Bengaluru,2026-06-21,False,True,True,True,True,True
2270,Pune,2026-06-06,False,True,True,True,True,False
2271,Delhi,2026-06-23,False,True,False,False,False,False
2272,Hyderabad,2026-06-23,False,True,True,True,True,True
2273,Kolkata,2026-05-24,False,True,True,False,False,False
2274,Bengaluru,2026-05-15,False,True,True,True,True,True
2275,Kolkata,2026-05-04,False,True,True,True,True,True
2276,Hyderabad,2026-05-25,False,True,True,True,True,True
2277,Mumbai,2026-05-16,False,True,True,True,True,True
2278,Hyderabad,2026-05-13,False,True,True,True,False,False
2279,Pune,2026-06-29,False,True,True,True,True,True
2280,Hyderabad,2026-06-04,False,True,True,True,False,False
2281,Mumbai,2026-06-22,False,True,True,False,False,False
2282,Bengaluru,2026-05-10,False,True,True,False,False,False
2283,Mumbai,2026-05-14,False,True,True,False,False,False
2284,Hyderabad,2026-06-29,False,True,True,False,False,False
2285,Mumbai,2026-06-15,False,True,False,False,False,False
2286,Bengaluru,2026-06-08,False,True,True,True,True,True
2287,Kolkata,2026-06-29,False,True,True,False,False,False
2288,Pune,2026-06-18,False,True,True,False,False,False
2289,Mumbai,2026-06-19,True,True,True,False,False,False
2290,Delhi,2026-05-17,True,True,False,False,False,False
2291,Pune,2026-06-03,False,True,True,True,True,True
2292,Mumbai,2026-05-25,False,True,True,False,False,False
2293,Delhi,2026-06-21,False,True,True,True,True,False
2294,Delhi,2026-06-14,False,True,True,False,False,False
2295,Pune,2026-06-19,False,True,True,True,True,True
2296,Pune,2026-06-27,True,True,True,True,True,True
2297,Pune,2026-06-15,True,True,True,True,True,True
2298,Bengaluru,2026-06-27,False,True,True,False,False,False
2299,Kolkata,2026-06-04,False,True,True,True,True,True
2300,Hyderabad,2026-05-14,False,True,True,False,False,False
2301,Pune,2026-06-22,False,True,False,False,False,False
2302,Delhi,2026-05-05,False,True,True,False,False,False
2303,Delhi,2026-05-30,False,True,True,False,False,False
2304,Delhi,2026-06-12,False,True,True,False,False,False
2305,Delhi,2026-05-05,True,True,False,False,False,False
2306,Kolkata,2026-05-21,False,True,True,False,False,False
2307,Kolkata,2026-05-25,False,True,True,True,True,True
2308,Delhi,2026-05-25,True,True,True,True,True,True
2309,Delhi,2026-06-05,False,True,True,True,True,True
2310,Kolkata,2026-05-01,False,True,True,False,False,False
2311,Hyderabad,2026-06-14,False,True,True,True,True,True
2312,Kolkata,2026-05-24,False,True,True,True,True,True
2313,Delhi,2026-05-10,False,True,True,True,False,False
2314,Pune,2026-06-19,False,True,True,True,False,False
2315,Hyderabad,2026-06-13,False,True,True,False,False,False
2316,Kolkata,2026-06-14,False,True,True,True,False,False
2317,Bengaluru,2026-05-14,False,True,True,True,False,False
2318,Mumbai,2026-06-03,False,True,True,True,True,True
2319,Mumbai,2026-06-03,False,True,True,True,False,False
2320,Delhi,2026-06-07,False,True,True,False,False,False
2321,Hyderabad,2026-05-26,False,True,True,True,False,False
2322,Delhi,2026-05-23,False,True,True,True,False,False
2323,Kolkata,2026-05-21,True,True,True,True,True,True
2324,Mumbai,2026-05-13,False,True,False,False,False,False
2325,Delhi,2026-06-03,False,True,True,True,True,True
2326,Pune,2026-06-02,False,True,True,True,False,False
2327,Hyderabad,2026-05-26,True,True,True,False,False,False
2328,Hyderabad,2026-05-18,True,True,False,False,False,False
2329,Bengaluru,2026-05-31,True,True,True,True,False,False
2330,Pune,2026-05-21,False,True,True,True,True,True
2331,Pune,2026-05-27,False,True,True,True,False,False
2332,Delhi,2026-05-21,False,True,True,True,True,True
2333,Pune,2026-06-01,False,True,True,True,True,True
2334,Kolkata,2026-05-02,True,True,True,False,False,False
2335,Pune,2026-06-12,False,True,True,True,True,True
2336,Hyderabad,2026-05-17,False,True,True,False,False,False
2337,Mumbai,2026-06-17,True,True,True,False,False,False
2338,Hyderabad,2026-06-17,True,True,True,True,True,False
2339,Hyderabad,2026-06-13,False,True,True,False,False,False
2340,Hyderabad,2026-06-17,False,True,True,False,False,False
2341,Delhi,2026-06-05,True,True,False,False,False,False
2342,Bengaluru,2026-06-02,False,True,True,True,True,True
2343,Delhi,2026-05-28,False,True,True,True,False,False
2344,Pune,2026-05-19,False,True,True,False,False,False
2345,Kolkata,2026-06-28,False,True,True,False,False,False
2346,Hyderabad,2026-05-08,False,True,True,True,False,False
2347,Hyderabad,2026-06-17,False,True,True,True,True,True
2348,Mumbai,2026-06-09,True,True,False,False,False,False
2349,Mumbai,2026-05-30,False,True,True,False,False,False
2350,Kolkata,2026-05-26,False,True,True,False,False,False
2351,Pune,2026-05-25,False,True,True,True,True,True
2352,Bengaluru,2026-05-20,False,True,True,False,False,False
2353,Pune,2026-06-27,False,True,False,False,False,False
2354,Kolkata,2026-05-28,False,True,True,True,False,False
2355,Mumbai,2026-06-01,False,True,False,False,False,False
2356,Bengaluru,2026-05-04,False,True,True,False,False,False
2357,Mumbai,2026-05-20,False,True,True,True,True,True
2358,Bengaluru,2026-05-01,False,True,False,False,False,False
2359,Mumbai,2026-05-17,True,True,True,False,False,False
2360,Hyderabad,2026-05-07,False,True,True,False,False,False
2361,Hyderabad,2026-05-04,False,True,True,False,False,False
2362,Bengaluru,2026-05-25,False,True,True,True,True,True
2363,Hyderabad,2026-05-07,False,True,True,True,True,True
2364,Bengaluru,2026-06-20,False,True,False,False,False,False
2365,Pune,2026-06-25,False,True,True,False,False,False
2366,Hyderabad,2026-06-06,False,True,False,False,False,False
2367,Hyderabad,2026-06-28,False,True,True,False,False,False
2368,Mumbai,2026-06-07,False,True,True,True,True,True
2369,Delhi,2026-05-14,False,True,True,True,True,True
2370,Pune,2026-05-27,False,True,True,False,False,False
2371,Mumbai,2026-06-15,False,True,False,False,False,False
2372,Bengaluru,2026-06-02,False,True,True,False,False,False
2373,Delhi,2026-06-09,True,True,True,True,True,True
2374,Bengaluru,2026-05-16,False,True,True,False,False,False
2375,Kolkata,2026-05-05,False,True,True,False,False,False
2376,Hyderabad,2026-05-27,False,True,True,True,False,False
2377,Pune,2026-05-24,False,True,True,True,True,True
2378,Mumbai,2026-05-02,False,True,True,True,True,True
2379,Delhi,2026-05-05,False,True,True,False,False,False
2380,Hyderabad,2026-05-27,False,True,True,True,True,True
2381,Hyderabad,2026-05-04,False,True,True,False,False,False
2382,Mumbai,2026-05-13,False,True,True,True,False,False
2383,Mumbai,2026-05-30,False,True,True,True,True,True
2384,Mumbai,2026-05-03,False,True,True,True,True,True
2385,Pune,2026-06-12,False,True,False,False,False,False
2386,Mumbai,2026-05-18,True,True,True,True,True,True
2387,Mumbai,2026-05-14,False,True,True,False,False,False
2388,Pune,2026-05-29,False,True,True,True,True,True
2389,Kolkata,2026-05-03,True,True,True,False,False,False
2390,Hyderabad,2026-05-15,False,True,True,True,False,False
2391,Kolkata,2026-06-01,False,True,True,True,True,True
2392,Kolkata,2026-05-03,False,True,True,False,False,False
2393,Bengaluru,2026-06-26,False,True,True,True,True,True
2394,Hyderabad,2026-05-09,False,True,True,True,True,True
2395,Kolkata,2026-05-26,True,True,True,True,True,True
2396,Bengaluru,2026-05-12,False,True,True,True,False,False
2397,Pune,2026-05-22,False,True,True,False,False,False
2398,Hyderabad,2026-06-21,True,True,True,True,False,False
2399,Mumbai,2026-05-17,True,True,True,True,True,True
2400,Bengaluru,2026-06-02,False,True,True,True,True,True
2401,Pune,2026-06-11,True,True,True,True,True,True
2402,Hyderabad,2026-05-26,False,True,True,True,False,False
2403,Mumbai,2026-06-20,False,True,True,True,True,False
2404,Hyderabad,2026-06-23,False,True,True,True,False,False
2405,Pune,2026-05-10,False,True,True,False,False,False
2406,Bengaluru,2026-06-21,False,True,True,True,False,False
2407,Mumbai,2026-06-04,False,True,True,True,True,True
2408,Kolkata,2026-05-04,False,True,True,True,False,False
2409,Bengaluru,2026-05-28,False,True,True,True,True,False
2410,Mumbai,2026-06-27,False,True,True,True,True,True
2411,Delhi,2026-05-09,False,True,True,True,True,True
2412,Bengaluru,2026-05-08,True,True,True,True,True,True
2413,Kolkata,2026-06-19,False,True,True,True,True,True
2414,Kolkata,2026-05-05,True,True,True,True,True,True
2415,Delhi,2026-05-26,False,True,True,True,True,True
2416,Hyderabad,2026-05-21,False,True,False,False,False,False
2417,Mumbai,2026-06-06,False,True,True,False,False,False
2418,Delhi,2026-06-24,False,True,True,True,True,False
2419,Delhi,2026-05-13,False,True,True,True,True,True
2420,Mumbai,2026-06-12,True,True,True,False,False,False
2421,Hyderabad,2026-06-22,False,True,True,True,True,True
2422,Hyderabad,2026-06-18,False,True,True,True,False,False
2423,Delhi,2026-05-10,False,True,True,True,True,True
2424,Kolkata,2026-05-15,False,True,True,True,False,False
2425,Hyderabad,2026-06-18,False,True,True,False,False,False
2426,Pune,2026-05-25,True,True,True,True,True,True
2427,Kolkata,2026-06-07,True,True,True,False,False,False
2428,Hyderabad,2026-05-16,True,True,True,False,False,False
2429,Kolkata,2026-05-01,False,True,True,True,True,True
2430,Pune,2026-06-14,False,True,True,False,False,False
2431,Kolkata,2026-06-15,False,True,False,False,False,False
2432,Delhi,2026-05-12,False,True,True,True,True,True
2433,Delhi,2026-05-01,False,True,True,False,False,False
2434,Kolkata,2026-05-22,False,True,True,False,False,False
2435,Bengaluru,2026-05-06,False,True,True,False,False,False
2436,Bengaluru,2026-06-25,False,True,True,True,True,True
2437,Hyderabad,2026-05-04,False,True,True,False,False,False
2438,Kolkata,2026-06-04,False,True,False,False,False,False
2439,Pune,2026-06-22,True,True,False,False,False,False
2440,Mumbai,2026-05-15,True,True,True,True,True,False
2441,Kolkata,2026-05-15,False,True,True,True,False,False
2442,Delhi,2026-06-01,False,True,True,False,False,False
2443,Mumbai,2026-05-07,False,True,True,True,True,True
2444,Pune,2026-05-10,False,True,True,False,False,False
2445,Pune,2026-05-02,True,True,True,False,False,False
2446,Kolkata,2026-05-19,True,True,True,False,False,False
2447,Delhi,2026-06-21,True,True,True,True,False,False
2448,Delhi,2026-06-25,True,True,True,False,False,False
2449,Delhi,2026-05-24,False,True,True,True,True,True
2450,Bengaluru,2026-05-28,False,True,True,True,False,False
2451,Bengaluru,2026-06-23,False,True,True,False,False,False
2452,Mumbai,2026-05-19,False,True,True,False,False,False
2453,Mumbai,2026-05-30,False,True,True,True,True,True
2454,Mumbai,2026-05-24,False,True,True,True,False,False
2455,Pune,2026-06-04,False,True,True,True,False,False
2456,Kolkata,2026-06-21,False,True,True,True,True,True
2457,Hyderabad,2026-05-15,True,True,True,True,False,False
2458,Hyderabad,2026-06-05,False,True,False,False,False,False
2459,Mumbai,2026-06-20,False,True,False,False,False,False
2460,Hyderabad,2026-06-10,False,True,True,True,True,True
2461,Mumbai,2026-06-17,False,True,True,True,True,False
2462,Hyderabad,2026-05-19,False,True,True,True,False,False
2463,Hyderabad,2026-05-19,True,True,False,False,False,False
2464,Hyderabad,2026-05-18,False,True,True,True,True,True
2465,Pune,2026-06-26,False,True,True,False,False,False
2466,Bengaluru,2026-06-07,False,True,True,True,True,True
2467,Mumbai,2026-05-21,False,True,False,False,False,False
2468,Hyderabad,2026-06-17,False,True,True,True,True,True
2469,Hyderabad,2026-06-27,False,True,True,True,True,True
2470,Hyderabad,2026-06-06,False,True,True,True,False,False
2471,Kolkata,2026-06-13,True,True,True,True,True,True
2472,Mumbai,2026-06-15,False,True,True,True,False,False
2473,Kolkata,2026-06-04,True,True,True,True,True,True
2474,Hyderabad,2026-05-23,False,True,True,False,False,False
2475,Mumbai,2026-06-10,True,True,True,True,True,True
2476,Mumbai,2026-06-08,True,True,True,True,False,False
2477,Kolkata,2026-06-24,False,True,True,False,False,False
2478,Mumbai,2026-06-20,True,True,True,False,False,False
2479,Hyderabad,2026-06-19,False,True,True,False,False,False
2480,Hyderabad,2026-06-12,True,True,True,True,False,False
2481,Kolkata,2026-05-16,False,True,False,False,False,False
2482,Pune,2026-06-07,False,True,True,False,False,False
2483,Kolkata,2026-06-06,False,True,True,True,True,True
2484,Mumbai,2026-05-21,True,True,True,True,False,False
2485,Bengaluru,2026-06-28,False,True,True,True,True,True
2486,Kolkata,2026-06-24,False,True,True,False,False,False
2487,Bengaluru,2026-05-16,True,True,True,True,False,False
2488,Pune,2026-05-15,False,True,True,False,False,False
2489,Kolkata,2026-06-23,False,True,True,True,False,False
2490,Pune,2026-05-25,False,True,True,True,True,True
2491,Pune,2026-05-20,False,True,True,True,True,True
2492,Kolkata,2026-05-19,False,True,True,True,False,False
2493,Hyderabad,2026-05-14,True,True,True,False,False,False
2494,Kolkata,2026-05-14,False,True,True,True,True,True
2495,Pune,2026-06-10,False,True,True,True,True,True
2496,Delhi,2026-05-28,True,True,True,False,False,False
2497,Pune,2026-05-08,False,True,True,True,True,True
2498,Pune,2026-05-26,False,True,True,True,True,True
2499,Hyderabad,2026-06-02,False,True,True,True,True,True
2500,Bengaluru,2026-05-17,False,True,True,False,False,False
2501,Bengaluru,2026-06-12,False,True,True,True,True,False
2502,Kolkata,2026-05-01,False,True,True,True,True,True
2503,Hyderabad,2026-06-25,False,True,True,True,True,True
2504,Delhi,2026-06-06,True,True,True,True,True,True
2505,Hyderabad,2026-06-06,False,True,True,False,False,False
2506,Pune,2026-06-10,False,True,True,False,False,False
2507,Pune,2026-05-14,True,True,True,True,True,True
2508,Mumbai,2026-06-01,True,True,True,True,False,False
2509,Mumbai,2026-06-04,False,True,True,False,False,False
2510,Hyderabad,2026-06-03,False,True,True,True,True,True
2511,Hyderabad,2026-05-06,False,True,True,False,False,False
2512,Delhi,2026-05-31,False,True,True,True,True,True
2513,Hyderabad,2026-06-04,False,True,True,False,False,False
2514,Mumbai,2026-06-15,False,True,True,False,False,False
2515,Pune,2026-05-06,False,True,True,False,False,False
2516,Kolkata,2026-05-27,False,True,True,True,True,True
2517,Delhi,2026-05-09,True,True,True,True,False,False
2518,Mumbai,2026-05-28,False,True,True,True,False,False
2519,Mumbai,2026-05-18,False,True,True,False,False,False
2520,Bengaluru,2026-06-28,False,True,True,True,True,True
2521,Pune,2026-06-11,False,True,False,False,False,False
2522,Pune,2026-06-18,False,True,True,True,True,True
2523,Hyderabad,2026-06-17,False,True,True,True,True,True
2524,Mumbai,2026-05-02,False,True,True,True,True,False
2525,Mumbai,2026-06-29,False,True,True,False,False,False
2526,Pune,2026-06-12,False,True,True,True,False,False
2527,Delhi,2026-05-17,True,True,True,True,True,True
2528,Delhi,2026-06-16,False,True,True,False,False,False
2529,Hyderabad,2026-05-17,False,True,True,False,False,False
2530,Mumbai,2026-06-09,False,True,True,False,False,False
2531,Pune,2026-06-22,False,True,True,True,True,True
2532,Mumbai,2026-06-12,True,True,True,True,True,True
2533,Mumbai,2026-06-19,False,True,True,False,False,False
2534,Pune,2026-06-25,True,True,True,False,False,False
2535,Hyderabad,2026-05-21,True,True,True,False,False,False
2536,Kolkata,2026-06-28,False,True,True,True,True,True
2537,Pune,2026-05-07,False,True,True,False,False,False
2538,Bengaluru,2026-05-27,False,True,True,True,True,True
2539,Pune,2026-06-27,False,True,True,False,False,False
2540,Kolkata,2026-06-28,False,True,True,True,True,True
2541,Delhi,2026-06-06,True,True,False,False,False,False
2542,Kolkata,2026-05-15,False,True,True,True,True,True
2543,Kolkata,2026-05-20,False,True,True,False,False,False
2544,Kolkata,2026-06-19,True,True,True,True,False,False
2545,Bengaluru,2026-06-23,False,True,True,True,True,True
2546,Bengaluru,2026-06-20,False,True,True,True,False,False
2547,Hyderabad,2026-05-15,False,True,True,True,True,True
2548,Hyderabad,2026-06-17,False,True,True,False,False,False
2549,Delhi,2026-05-03,False,True,True,True,True,True
2550,Delhi,2026-06-24,False,True,True,False,False,False
2551,Mumbai,2026-06-20,False,True,True,False,False,False
2552,Pune,2026-06-12,False,True,True,False,False,False
2553,Bengaluru,2026-05-09,False,True,True,True,True,True
2554,Hyderabad,2026-05-12,False,True,True,True,True,True
2555,Hyderabad,2026-05-09,False,True,True,True,True,False
2556,Bengaluru,2026-05-17,True,True,True,True,False,False
2557,Hyderabad,2026-06-28,False,True,True,True,False,False
2558,Mumbai,2026-05-21,False,True,False,False,False,False
2559,Mumbai,2026-06-25,False,True,False,False,False,False
2560,Delhi,2026-06-25,False,True,True,True,True,True
2561,Delhi,2026-05-10,False,True,True,False,False,False
2562,Bengaluru,2026-06-29,False,True,True,True,True,True
2563,Pune,2026-05-14,False,True,False,False,False,False
2564,Hyderabad,2026-06-21,True,True,True,True,True,True
2565,Kolkata,2026-06-24,False,True,True,True,True,True
2566,Kolkata,2026-06-13,False,True,True,True,True,True
2567,Kolkata,2026-06-13,False,True,True,True,True,True
2568,Bengaluru,2026-05-13,False,True,True,False,False,False
2569,Hyderabad,2026-06-18,False,True,True,False,False,False
2570,Mumbai,2026-05-23,True,True,True,False,False,False
2571,Pune,2026-05-18,False,True,True,True,True,False
2572,Delhi,2026-05-01,True,True,True,False,False,False
2573,Pune,2026-06-14,False,True,True,True,True,True
2574,Mumbai,2026-05-19,False,True,True,True,True,True
2575,Hyderabad,2026-05-02,True,True,True,True,False,False
2576,Bengaluru,2026-06-23,False,True,True,True,False,False
2577,Mumbai,2026-05-04,False,True,False,False,False,False
2578,Delhi,2026-06-08,False,True,True,False,False,False
2579,Mumbai,2026-06-27,False,True,True,False,False,False
2580,Delhi,2026-05-15,False,True,True,False,False,False
2581,Hyderabad,2026-05-21,False,True,True,False,False,False
2582,Kolkata,2026-05-20,False,True,False,False,False,False
2583,Mumbai,2026-05-18,False,True,False,False,False,False
2584,Mumbai,2026-05-11,True,True,True,True,True,True
2585,Mumbai,2026-06-22,True,True,True,True,True,True
2586,Pune,2026-06-21,False,True,True,True,True,False
2587,Kolkata,2026-05-08,True,True,True,False,False,False
2588,Delhi,2026-05-18,True,True,True,False,False,False
2589,Pune,2026-06-09,False,True,False,False,False,False
2590,Mumbai,2026-05-19,True,True,True,True,False,False
2591,Delhi,2026-06-23,True,True,True,True,False,False
2592,Mumbai,2026-05-21,False,True,True,True,False,False
2593,Pune,2026-05-21,True,True,True,False,False,False
2594,Hyderabad,2026-06-19,False,True,False,False,False,False
2595,Mumbai,2026-05-02,False,True,True,False,False,False
2596,Hyderabad,2026-06-27,False,True,True,True,True,True
2597,Bengaluru,2026-06-19,False,True,False,False,False,False
2598,Delhi,2026-05-23,True,True,True,True,True,True
2599,Mumbai,2026-06-10,True,True,True,False,False,False
2600,Pune,2026-05-04,False,True,True,False,False,False
2601,Delhi,2026-06-01,True,True,True,False,False,False
2602,Bengaluru,2026-05-07,True,True,False,False,False,False
2603,Kolkata,2026-05-29,False,True,True,True,True,True
2604,Kolkata,2026-06-05,False,True,True,False,False,False
2605,Mumbai,2026-06-04,True,True,True,True,True,True
2606,Mumbai,2026-05-24,False,True,True,True,True,True
2607,Mumbai,2026-05-05,False,True,True,False,False,False
2608,Pune,2026-05-19,True,True,False,False,False,False
2609,Pune,2026-05-01,False,True,True,False,False,False
2610,Hyderabad,2026-06-03,False,True,False,False,False,False
2611,Delhi,2026-05-24,True,True,True,True,True,True
2612,Mumbai,2026-05-27,False,True,True,True,True,True
2613,Bengaluru,2026-06-27,False,True,True,False,False,False
2614,Mumbai,2026-05-31,False,True,True,True,True,True
2615,Pune,2026-05-24,False,True,True,True,True,True
2616,Pune,2026-06-13,False,True,True,True,False,False
2617,Pune,2026-05-05,False,True,True,True,False,False
2618,Kolkata,2026-06-12,False,True,True,True,False,False
2619,Delhi,2026-05-25,True,True,True,False,False,False
2620,Bengaluru,2026-06-06,True,True,True,True,True,True
2621,Bengaluru,2026-06-21,False,True,True,False,False,False
2622,Hyderabad,2026-05-26,False,True,True,False,False,False
2623,Mumbai,2026-05-06,True,True,True,True,False,False
2624,Delhi,2026-05-16,False,True,True,False,False,False
2625,Mumbai,2026-05-09,False,True,True,True,True,True
2626,Hyderabad,2026-05-06,False,True,True,True,True,True
2627,Delhi,2026-05-17,False,True,True,False,False,False
2628,Delhi,2026-05-19,False,True,True,True,True,True
2629,Pune,2026-06-17,False,True,True,True,True,False
2630,Bengaluru,2026-06-16,False,True,True,False,False,False
2631,Kolkata,2026-06-19,False,True,True,True,True,True
2632,Delhi,2026-05-04,True,True,True,False,False,False
2633,Pune,2026-05-10,False,True,False,False,False,False
2634,Hyderabad,2026-05-18,False,True,True,True,True,True
2635,Mumbai,2026-06-19,False,True,True,True,False,False
2636,Pune,2026-06-26,False,True,True,True,False,False
2637,Pune,2026-05-24,False,True,True,False,False,False
2638,Bengaluru,2026-06-09,True,True,True,False,False,False
2639,Delhi,2026-05-08,False,True,False,False,False,False
2640,Mumbai,2026-05-21,False,True,True,False,False,False
2641,Delhi,2026-06-17,False,True,True,False,False,False
2642,Mumbai,2026-05-29,False,True,False,False,False,False
2643,Pune,2026-06-29,False,True,True,True,True,True
2644,Mumbai,2026-05-09,False,True,True,False,False,False
2645,Delhi,2026-06-11,False,True,True,True,True,True
2646,Bengaluru,2026-06-28,False,True,True,True,True,True
2647,Mumbai,2026-05-17,False,True,True,False,False,False
2648,Pune,2026-06-10,False,True,True,True,True,True
2649,Hyderabad,2026-06-27,False,True,True,True,True,True
2650,Kolkata,2026-05-30,False,True,True,False,False,False
2651,Delhi,2026-05-31,False,True,True,False,False,False
2652,Mumbai,2026-06-25,False,True,True,True,True,True
2653,Hyderabad,2026-05-04,False,True,False,False,False,False
2654,Kolkata,2026-06-27,False,True,True,True,True,True
2655,Mumbai,2026-06-18,False,True,True,True,False,False
2656,Pune,2026-05-27,True,True,True,True,False,False
2657,Kolkata,2026-06-28,False,True,True,True,True,True
2658,Pune,2026-05-02,False,True,True,True,False,False
2659,Pune,2026-05-12,False,True,True,True,True,True
2660,Hyderabad,2026-05-04,False,True,True,True,True,True
2661,Kolkata,2026-06-13,False,True,True,False,False,False
2662,Hyderabad,2026-05-05,True,True,True,True,False,False
2663,Bengaluru,2026-06-28,False,True,True,True,True,True
2664,Bengaluru,2026-05-04,False,True,True,True,True,True
2665,Kolkata,2026-06-26,False,True,True,True,True,True
2666,Kolkata,2026-06-02,False,True,True,True,False,False
2667,Pune,2026-06-04,False,True,True,True,True,True
2668,Pune,2026-05-18,True,True,True,False,False,False
2669,Hyderabad,2026-06-29,True,True,False,False,False,False
2670,Mumbai,2026-06-08,False,True,True,True,True,True
2671,Bengaluru,2026-05-05,False,True,True,False,False,False
2672,Delhi,2026-05-18,False,True,True,False,False,False
2673,Hyderabad,2026-06-15,False,True,True,False,False,False
2674,Mumbai,2026-05-24,False,True,True,True,True,True
2675,Kolkata,2026-05-08,False,True,True,False,False,False
2676,Bengaluru,2026-06-17,False,True,True,True,True,True
2677,Delhi,2026-05-07,False,True,True,False,False,False
2678,Delhi,2026-05-04,True,True,True,False,False,False
2679,Pune,2026-05-15,False,True,True,True,True,True
2680,Mumbai,2026-06-15,False,True,False,False,False,False
2681,Bengaluru,2026-06-29,False,True,True,True,False,False
2682,Pune,2026-05-20,False,True,True,True,True,True
2683,Mumbai,2026-05-28,False,True,True,True,True,True
2684,Delhi,2026-06-08,False,True,True,False,False,False
2685,Hyderabad,2026-05-19,False,True,True,False,False,False
2686,Hyderabad,2026-06-11,True,True,False,False,False,False
2687,Delhi,2026-05-18,False,True,True,True,True,True
2688,Mumbai,2026-06-20,True,True,False,False,False,False
2689,Bengaluru,2026-06-21,False,True,True,True,True,True
2690,Delhi,2026-05-28,False,True,True,True,True,True
2691,Pune,2026-05-19,True,True,True,True,True,True
2692,Mumbai,2026-06-13,False,True,True,True,True,False
2693,Bengaluru,2026-06-13,False,True,True,True,True,True
2694,Bengaluru,2026-05-12,False,True,True,True,True,True
2695,Kolkata,2026-06-03,False,True,True,False,False,False
2696,Hyderabad,2026-06-03,True,True,False,False,False,False
2697,Bengaluru,2026-05-23,False,True,False,False,False,False
2698,Hyderabad,2026-05-30,True,True,True,True,False,False
2699,Bengaluru,2026-05-04,False,True,True,True,True,True
2700,Kolkata,2026-05-17,False,True,True,False,False,False
2701,Pune,2026-05-03,False,True,True,True,True,True
2702,Mumbai,2026-05-21,False,True,False,False,False,False
2703,Delhi,2026-05-20,False,True,False,False,False,False
2704,Hyderabad,2026-06-23,False,True,True,True,True,True
2705,Kolkata,2026-05-26,False,True,True,True,True,True
2706,Kolkata,2026-05-21,False,True,False,False,False,False
2707,Hyderabad,2026-05-20,False,True,True,False,False,False
2708,Pune,2026-05-05,False,True,True,True,True,True
2709,Hyderabad,2026-06-29,False,True,True,True,True,False
2710,Pune,2026-05-10,False,True,True,True,True,True
2711,Mumbai,2026-06-17,False,True,True,False,False,False
2712,Kolkata,2026-06-14,False,True,True,True,True,True
2713,Delhi,2026-06-06,True,True,True,True,True,True
2714,Hyderabad,2026-05-22,False,True,True,True,True,True
2715,Bengaluru,2026-05-17,False,True,True,False,False,False
2716,Pune,2026-06-19,False,True,True,True,True,True
2717,Delhi,2026-05-01,True,True,True,False,False,False
2718,Mumbai,2026-06-03,False,True,True,False,False,False
2719,Pune,2026-05-15,False,True,True,True,True,True
2720,Mumbai,2026-05-15,False,True,True,False,False,False
2721,Bengaluru,2026-06-15,False,True,False,False,False,False
2722,Delhi,2026-05-01,True,True,True,True,False,False
2723,Bengaluru,2026-05-18,False,True,True,True,True,True
2724,Pune,2026-06-15,False,True,True,True,True,True
2725,Delhi,2026-06-15,False,True,False,False,False,False
2726,Kolkata,2026-06-11,False,True,True,False,False,False
2727,Kolkata,2026-05-24,True,True,True,True,False,False
2728,Delhi,2026-05-07,False,True,True,True,True,True
2729,Bengaluru,2026-05-18,False,True,True,False,False,False
2730,Bengaluru,2026-06-19,True,True,True,False,False,False
2731,Bengaluru,2026-05-16,False,True,True,False,False,False
2732,Pune,2026-06-10,False,True,True,True,False,False
2733,Kolkata,2026-05-05,False,True,True,True,False,False
2734,Bengaluru,2026-05-12,False,True,True,True,True,True
2735,Delhi,2026-06-03,True,True,False,False,False,False
2736,Kolkata,2026-05-18,False,True,True,True,True,True
2737,Delhi,2026-05-21,False,True,True,True,True,True
2738,Hyderabad,2026-05-13,False,True,False,False,False,False
2739,Kolkata,2026-06-19,True,True,True,False,False,False
2740,Kolkata,2026-05-15,False,True,True,True,True,True
2741,Kolkata,2026-06-11,False,True,True,False,False,False
2742,Bengaluru,2026-05-30,False,True,True,True,True,True
2743,Mumbai,2026-06-16,False,True,True,True,False,False
2744,Pune,2026-06-16,True,True,True,True,True,True
2745,Kolkata,2026-05-31,False,True,True,False,False,False
2746,Delhi,2026-05-01,False,True,True,False,False,False
2747,Bengaluru,2026-05-24,False,True,True,True,True,True
2748,Bengaluru,2026-05-07,False,True,True,False,False,False
2749,Bengaluru,2026-06-26,False,True,False,False,False,False
2750,Bengaluru,2026-05-10,True,True,True,True,True,True
2751,Mumbai,2026-06-05,False,True,True,True,True,True
2752,Pune,2026-05-29,False,True,True,True,True,True
2753,Pune,2026-05-01,False,True,True,True,True,True
2754,Bengaluru,2026-06-09,False,True,False,False,False,False
2755,Hyderabad,2026-05-06,False,True,True,True,False,False
2756,Hyderabad,2026-05-17,False,True,True,True,False,False
2757,Delhi,2026-05-27,False,True,True,False,False,False
2758,Bengaluru,2026-05-23,False,True,True,True,True,True
2759,Mumbai,2026-05-05,False,True,True,False,False,False
2760,Bengaluru,2026-05-02,True,True,True,False,False,False
2761,Delhi,2026-05-27,False,True,True,True,True,True
2762,Hyderabad,2026-05-17,False,True,True,False,False,False
2763,Kolkata,2026-05-11,False,True,True,False,False,False
2764,Kolkata,2026-06-01,False,True,False,False,False,False
2765,Hyderabad,2026-05-28,False,True,True,True,True,True
2766,Delhi,2026-06-08,False,True,True,True,True,True
2767,Pune,2026-06-28,False,True,True,False,False,False
2768,Kolkata,2026-05-05,False,True,True,True,True,True
2769,Bengaluru,2026-05-31,False,True,True,False,False,False
2770,Pune,2026-05-08,False,True,True,True,True,True
2771,Bengaluru,2026-06-02,False,True,True,False,False,False
2772,Delhi,2026-05-10,False,True,False,False,False,False
2773,Bengaluru,2026-05-05,False,True,True,True,False,False
2774,Hyderabad,2026-05-18,False,True,True,True,True,True
2775,Mumbai,2026-06-20,False,True,True,True,False,False
2776,Delhi,2026-05-07,True,True,True,True,True,True
2777,Hyderabad,2026-06-07,False,True,True,True,True,True
2778,Mumbai,2026-05-25,True,True,True,False,False,False
2779,Bengaluru,2026-05-03,False,True,True,True,False,False
2780,Kolkata,2026-05-23,False,True,True,True,False,False
2781,Mumbai,2026-05-01,True,True,True,True,False,False
2782,Bengaluru,2026-05-07,False,True,False,False,False,False
2783,Mumbai,2026-06-15,False,True,True,True,True,True
2784,Mumbai,2026-05-23,False,True,True,True,True,True
2785,Bengaluru,2026-06-11,False,True,True,True,True,True
2786,Kolkata,2026-06-11,False,True,True,True,True,True
2787,Delhi,2026-05-03,True,True,True,True,False,False
2788,Kolkata,2026-06-16,False,True,True,True,True,True
2789,Pune,2026-06-15,False,True,True,False,False,False
2790,Mumbai,2026-05-07,False,True,True,False,False,False
2791,Hyderabad,2026-05-07,False,True,True,False,False,False
2792,Delhi,2026-06-24,False,True,True,True,True,True
2793,Pune,2026-05-24,False,True,True,False,False,False
2794,Bengaluru,2026-05-20,True,True,True,True,False,False
2795,Bengaluru,2026-05-30,False,True,True,True,True,True
2796,Kolkata,2026-06-02,False,True,True,False,False,False
2797,Hyderabad,2026-06-15,False,True,True,True,True,True
2798,Kolkata,2026-05-13,False,True,True,True,False,False
2799,Kolkata,2026-05-23,False,True,True,True,True,True
2800,Hyderabad,2026-05-21,False,True,True,True,True,True
2801,Pune,2026-05-11,True,True,False,False,False,False
2802,Bengaluru,2026-05-31,False,True,True,False,False,False
2803,Hyderabad,2026-06-09,True,True,True,True,False,False
2804,Kolkata,2026-05-17,False,True,True,True,False,False
2805,Pune,2026-05-30,False,True,True,True,True,True
2806,Hyderabad,2026-05-18,False,True,True,True,True,True
2807,Bengaluru,2026-06-22,False,True,False,False,False,False
2808,Bengaluru,2026-06-26,False,True,True,True,True,True
2809,Bengaluru,2026-06-03,True,True,True,True,True,True
2810,Delhi,2026-05-18,False,True,True,True,False,False
2811,Pune,2026-06-25,False,True,True,True,False,False
2812,Hyderabad,2026-05-26,False,True,True,True,True,True
2813,Hyderabad,2026-05-04,False,True,True,False,False,False
2814,Kolkata,2026-06-08,False,True,True,True,True,True
2815,Bengaluru,2026-06-08,False,True,True,True,True,True
2816,Delhi,2026-06-05,False,True,True,False,False,False
2817,Delhi,2026-05-12,False,True,True,False,False,False
2818,Hyderabad,2026-06-19,False,True,True,False,False,False
2819,Delhi,2026-06-24,True,True,False,False,False,False
2820,Delhi,2026-06-13,False,True,False,False,False,False
2821,Kolkata,2026-06-15,False,True,True,False,False,False
2822,Delhi,2026-06-29,False,True,True,False,False,False
2823,Delhi,2026-05-19,True,True,True,True,True,True
2824,Delhi,2026-05-31,False,True,True,False,False,False
2825,Bengaluru,2026-06-11,False,True,False,False,False,False
2826,Kolkata,2026-06-14,False,True,True,True,False,False
2827,Delhi,2026-06-04,False,True,True,True,True,True
2828,Hyderabad,2026-06-27,False,True,False,False,False,False
2829,Pune,2026-06-25,False,True,False,False,False,False
2830,Hyderabad,2026-06-21,False,True,True,True,True,True
2831,Bengaluru,2026-06-27,True,True,True,False,False,False
2832,Bengaluru,2026-05-07,False,True,True,False,False,False
2833,Delhi,2026-06-29,False,True,True,True,True,True
2834,Bengaluru,2026-06-16,False,True,True,False,False,False
2835,Hyderabad,2026-06-21,False,True,True,False,False,False
2836,Mumbai,2026-06-03,False,True,True,True,False,False
2837,Hyderabad,2026-06-04,False,True,True,True,True,True
2838,Mumbai,2026-05-01,False,True,True,True,True,True
2839,Kolkata,2026-05-18,False,True,True,True,True,True
2840,Mumbai,2026-06-24,False,True,True,True,True,True
2841,Bengaluru,2026-05-20,False,True,False,False,False,False
2842,Mumbai,2026-05-24,False,True,True,False,False,False
2843,Pune,2026-06-05,True,True,True,False,False,False
2844,Pune,2026-06-25,False,True,True,True,True,True
2845,Delhi,2026-05-01,False,True,True,False,False,False
2846,Delhi,2026-06-21,False,True,True,True,True,True
2847,Bengaluru,2026-06-25,True,True,False,False,False,False
2848,Hyderabad,2026-06-19,False,True,True,True,True,True
2849,Kolkata,2026-06-01,False,True,True,True,False,False
2850,Hyderabad,2026-05-12,False,True,True,False,False,False
2851,Bengaluru,2026-06-18,True,True,True,False,False,False
2852,Delhi,2026-06-20,False,True,False,False,False,False
2853,Hyderabad,2026-06-22,False,True,True,False,False,False
2854,Pune,2026-06-08,True,True,True,True,False,False
2855,Bengaluru,2026-05-20,False,True,True,True,True,True
2856,Mumbai,2026-05-24,False,True,True,False,False,False
2857,Kolkata,2026-06-10,False,True,True,False,False,False
2858,Hyderabad,2026-05-07,True,True,True,True,False,False
2859,Hyderabad,2026-06-17,False,True,True,False,False,False
2860,Kolkata,2026-05-17,False,True,True,True,True,True
2861,Hyderabad,2026-06-15,False,True,True,True,True,True
2862,Pune,2026-06-20,False,True,True,True,True,True
2863,Delhi,2026-06-15,False,True,True,True,True,True
2864,Pune,2026-06-20,False,True,True,True,True,True
2865,Bengaluru,2026-05-14,False,True,False,False,False,False
2866,Bengaluru,2026-05-31,False,True,True,True,False,False
2867,Hyderabad,2026-06-11,False,True,True,True,True,True
2868,Kolkata,2026-05-15,True,True,False,False,False,False
2869,Kolkata,2026-05-27,False,True,False,False,False,False
2870,Pune,2026-06-21,False,True,True,True,False,False
2871,Kolkata,2026-05-08,True,True,True,True,False,False
2872,Pune,2026-05-05,False,True,True,False,False,False
2873,Kolkata,2026-05-14,False,True,False,False,False,False
2874,Mumbai,2026-06-29,False,True,True,True,False,False
2875,Pune,2026-05-15,False,True,True,False,False,False
2876,Mumbai,2026-06-16,False,True,True,True,True,True
2877,Kolkata,2026-06-06,False,True,True,False,False,False
2878,Mumbai,2026-05-19,False,True,True,True,False,False
2879,Hyderabad,2026-06-17,False,True,True,False,False,False
2880,Pune,2026-05-31,False,True,True,True,False,False
2881,Bengaluru,2026-05-17,False,True,True,False,False,False
2882,Delhi,2026-06-19,False,True,True,False,False,False
2883,Bengaluru,2026-05-03,False,True,False,False,False,False
2884,Pune,2026-05-22,False,True,True,True,True,True
2885,Hyderabad,2026-05-03,False,True,True,False,False,False
2886,Hyderabad,2026-05-21,True,True,False,False,False,False
2887,Delhi,2026-05-11,False,True,True,True,False,False
2888,Delhi,2026-06-14,True,True,True,True,True,True
2889,Bengaluru,2026-06-06,True,True,True,False,False,False
2890,Bengaluru,2026-05-04,False,True,False,False,False,False
2891,Delhi,2026-05-12,False,True,True,True,True,True
2892,Delhi,2026-05-24,False,True,True,True,False,False
2893,Kolkata,2026-06-25,False,True,True,False,False,False
2894,Delhi,2026-05-06,False,True,True,False,False,False
2895,Pune,2026-06-07,True,True,True,True,True,True
2896,Bengaluru,2026-05-18,True,True,True,True,False,False
2897,Pune,2026-05-22,False,True,True,True,False,False
2898,Kolkata,2026-06-19,False,True,True,True,False,False
2899,Bengaluru,2026-06-04,True,True,True,True,True,True
2900,Bengaluru,2026-06-02,False,True,True,True,False,False
2901,Kolkata,2026-05-30,False,True,True,False,False,False
2902,Kolkata,2026-05-11,False,True,True,False,False,False
2903,Pune,2026-06-16,False,True,True,True,True,True
2904,Hyderabad,2026-05-29,False,True,True,False,False,False
2905,Delhi,2026-05-08,False,True,True,True,True,True
2906,Hyderabad,2026-05-15,False,True,True,False,False,False
2907,Pune,2026-06-08,False,True,True,True,False,False
2908,Pune,2026-06-27,False,True,True,True,False,False
2909,Pune,2026-06-06,False,True,True,False,False,False
2910,Pune,2026-06-01,True,True,False,False,False,False
2911,Hyderabad,2026-06-09,True,True,True,True,False,False
2912,Hyderabad,2026-05-26,False,True,True,False,False,False
2913,Kolkata,2026-06-11,False,True,True,True,True,True
2914,Mumbai,2026-06-11,False,True,True,True,True,True
2915,Mumbai,2026-06-16,False,True,True,True,True,True
2916,Delhi,2026-05-11,True,True,True,False,False,False
2917,Bengaluru,2026-05-22,False,True,True,False,False,False
2918,Bengaluru,2026-06-15,False,True,True,False,False,False
2919,Pune,2026-05-08,True,True,True,True,False,False
2920,Mumbai,2026-05-12,False,True,True,True,False,False
2921,Delhi,2026-06-26,False,True,True,True,True,True
2922,Pune,2026-06-14,False,True,True,True,True,False
2923,Bengaluru,2026-06-03,False,True,True,True,True,True
2924,Delhi,2026-06-06,True,True,True,False,False,False
2925,Mumbai,2026-05-03,False,True,False,False,False,False
2926,Pune,2026-05-29,False,True,True,True,False,False
2927,Kolkata,2026-05-18,False,True,True,True,True,True
2928,Hyderabad,2026-06-13,False,True,True,False,False,False
2929,Bengaluru,2026-06-16,False,True,True,True,True,True
2930,Bengaluru,2026-05-15,False,True,True,True,False,False
2931,Pune,2026-05-23,True,True,True,False,False,False
2932,Bengaluru,2026-06-21,False,True,True,False,False,False
2933,Kolkata,2026-06-17,False,True,True,True,True,False
2934,Hyderabad,2026-06-15,False,True,False,False,False,False
2935,Mumbai,2026-05-17,False,True,True,False,False,False
2936,Bengaluru,2026-06-06,False,True,True,True,False,False
2937,Kolkata,2026-05-13,False,True,True,True,True,True
2938,Hyderabad,2026-05-23,False,True,True,True,False,False
2939,Mumbai,2026-05-23,False,True,True,True,False,False
2940,Hyderabad,2026-05-18,False,True,True,True,True,True
2941,Hyderabad,2026-06-23,False,True,True,True,True,True
2942,Hyderabad,2026-06-09,False,True,True,True,True,True
2943,Pune,2026-06-23,False,True,True,True,True,True
2944,Delhi,2026-05-05,False,True,False,False,False,False
2945,Pune,2026-06-24,False,True,True,True,True,False
2946,Bengaluru,2026-06-28,False,True,True,False,False,False
2947,Hyderabad,2026-05-07,False,True,True,False,False,False
2948,Pune,2026-05-16,False,True,False,False,False,False
2949,Bengaluru,2026-06-26,True,True,True,False,False,False
2950,Kolkata,2026-06-20,False,True,True,True,True,True
2951,Bengaluru,2026-06-09,False,True,True,True,True,True
2952,Mumbai,2026-06-18,False,True,True,True,True,True
2953,Delhi,2026-05-28,False,True,True,False,False,False
2954,Hyderabad,2026-05-20,False,True,False,False,False,False
2955,Delhi,2026-06-25,True,True,True,True,False,False
2956,Mumbai,2026-05-15,False,True,True,False,False,False
2957,Hyderabad,2026-06-01,True,True,True,True,False,False
2958,Bengaluru,2026-05-30,True,True,True,True,True,True
2959,Hyderabad,2026-06-29,True,True,True,True,False,False
2960,Mumbai,2026-06-03,True,True,True,True,True,True
2961,Mumbai,2026-05-29,False,True,True,False,False,False
2962,Delhi,2026-05-20,False,True,True,True,False,False
2963,Pune,2026-05-07,False,True,True,True,False,False
2964,Kolkata,2026-05-30,True,True,True,True,False,False
2965,Kolkata,2026-05-14,False,True,True,True,False,False
2966,Pune,2026-06-22,False,True,True,False,False,False
2967,Delhi,2026-06-17,False,True,True,True,True,True
2968,Mumbai,2026-06-08,True,True,True,True,False,False
2969,Pune,2026-05-06,False,True,True,False,False,False
2970,Kolkata,2026-05-12,False,True,True,True,False,False
2971,Hyderabad,2026-06-09,False,True,True,False,False,False
2972,Pune,2026-06-02,False,True,True,True,True,True
2973,Kolkata,2026-05-26,False,True,False,False,False,False
2974,Hyderabad,2026-06-06,False,True,True,True,True,True
2975,Kolkata,2026-05-11,True,True,True,False,False,False
2976,Bengaluru,2026-06-06,False,True,False,False,False,False
2977,Delhi,2026-05-01,True,True,True,True,False,False
2978,Pune,2026-05-27,False,True,True,True,True,True
2979,Kolkata,2026-06-14,False,True,True,False,False,False
2980,Kolkata,2026-06-01,False,True,True,True,True,True
2981,Bengaluru,2026-06-05,False,True,False,False,False,False
2982,Hyderabad,2026-06-25,False,True,True,True,True,True
2983,Pune,2026-05-31,True,True,True,False,False,False
2984,Delhi,2026-06-16,False,True,True,False,False,False
2985,Pune,2026-05-09,False,True,True,False,False,False
2986,Mumbai,2026-06-08,False,True,False,False,False,False
2987,Delhi,2026-05-24,False,True,True,False,False,False
2988,Bengaluru,2026-06-04,False,True,True,False,False,False
2989,Pune,2026-05-25,False,True,True,True,True,True
2990,Bengaluru,2026-06-29,False,True,True,False,False,False
2991,Mumbai,2026-05-04,False,True,True,False,False,False
2992,Delhi,2026-06-27,True,True,True,True,True,True
2993,Mumbai,2026-06-01,True,True,True,True,False,False
2994,Hyderabad,2026-05-28,True,True,True,True,False,False
2995,Kolkata,2026-06-08,True,True,True,True,True,True
2996,Kolkata,2026-05-08,False,True,True,True,True,True
2997,Kolkata,2026-05-03,False,True,True,True,True,True
2998,Kolkata,2026-05-21,False,True,True,True,True,True
2999,Kolkata,2026-05-27,False,True,False,False,False,False
3000,Bengaluru,2026-05-26,False,True,True,True,True,True
3001,Delhi,2026-05-06,False,True,True,True,True,True
3002,Pune,2026-06-29,True,True,True,False,False,False
3003,Delhi,2026-05-21,False,True,True,True,True,True
3004,Delhi,2026-06-21,False,True,True,True,True,True
3005,Kolkata,2026-05-14,False,True,False,False,False,False
3006,Pune,2026-06-23,False,True,True,True,False,False
3007,Mumbai,2026-06-13,True,True,True,False,False,False
3008,Delhi,2026-05-05,False,True,True,True,True,True
3009,Mumbai,2026-06-18,False,True,True,False,False,False
3010,Kolkata,2026-05-01,False,True,True,True,True,True
3011,Kolkata,2026-05-13,False,True,True,True,False,False
3012,Bengaluru,2026-05-04,False,True,True,True,False,False
3013,Hyderabad,2026-06-25,False,True,True,False,False,False
3014,Mumbai,2026-05-16,False,True,True,False,False,False
3015,Delhi,2026-06-14,False,True,True,True,True,True
3016,Pune,2026-05-18,False,True,True,True,True,True
3017,Kolkata,2026-06-16,False,True,True,True,False,False
3018,Hyderabad,2026-05-23,False,True,True,False,False,False
3019,Bengaluru,2026-05-31,False,True,True,True,False,False
3020,Bengaluru,2026-05-03,False,True,True,True,True,True
3021,Mumbai,2026-06-22,False,True,True,True,True,True
3022,Hyderabad,2026-06-13,False,True,False,False,False,False
3023,Mumbai,2026-05-24,True,True,False,False,False,False
3024,Kolkata,2026-05-22,False,True,True,True,True,True
3025,Hyderabad,2026-06-20,False,True,False,False,False,False
3026,Bengaluru,2026-06-11,False,True,False,False,False,False
3027,Pune,2026-06-22,False,True,False,False,False,False
3028,Bengaluru,2026-06-02,True,True,False,False,False,False
3029,Pune,2026-06-21,False,True,True,False,False,False
3030,Hyderabad,2026-05-16,False,True,True,True,True,False
3031,Mumbai,2026-05-27,False,True,True,False,False,False
3032,Hyderabad,2026-06-16,False,True,True,False,False,False
3033,Delhi,2026-06-13,False,True,True,True,False,False
3034,Kolkata,2026-06-11,False,True,True,False,False,False
3035,Mumbai,2026-06-26,True,True,True,False,False,False
3036,Hyderabad,2026-06-24,False,True,True,True,True,True
3037,Delhi,2026-06-27,False,True,True,False,False,False
3038,Delhi,2026-05-09,False,True,True,False,False,False
3039,Delhi,2026-06-20,False,True,True,True,True,False
3040,Bengaluru,2026-05-25,False,True,True,False,False,False
3041,Pune,2026-06-10,False,True,True,True,True,True
3042,Pune,2026-06-02,True,True,True,True,True,True
3043,Bengaluru,2026-05-25,False,True,True,False,False,False
3044,Delhi,2026-06-05,False,True,True,True,False,False
3045,Hyderabad,2026-05-07,False,True,True,True,True,True
3046,Pune,2026-06-02,False,True,False,False,False,False
3047,Mumbai,2026-06-07,False,True,True,True,True,True
3048,Mumbai,2026-06-07,True,True,True,True,False,False
3049,Mumbai,2026-06-20,True,True,True,True,False,False
3050,Mumbai,2026-06-13,False,True,True,False,False,False
3051,Hyderabad,2026-06-24,False,True,True,True,True,True
3052,Kolkata,2026-05-01,False,True,True,True,True,True
3053,Delhi,2026-06-09,False,True,True,False,False,False
3054,Pune,2026-05-15,False,True,True,True,False,False
3055,Hyderabad,2026-05-04,False,True,True,False,False,False
3056,Delhi,2026-05-11,False,True,False,False,False,False
3057,Pune,2026-05-12,False,True,True,True,True,True
3058,Mumbai,2026-05-18,False,True,False,False,False,False
3059,Kolkata,2026-05-10,False,True,True,True,True,True
3060,Bengaluru,2026-06-15,False,True,True,False,False,False
3061,Mumbai,2026-05-11,False,True,True,True,True,True
3062,Kolkata,2026-05-30,True,True,True,False,False,False
3063,Hyderabad,2026-05-06,False,True,True,True,True,True
3064,Pune,2026-06-08,False,True,False,False,False,False
3065,Hyderabad,2026-06-13,False,True,True,False,False,False
3066,Delhi,2026-06-18,False,True,False,False,False,False
3067,Delhi,2026-05-21,False,True,True,True,True,True
3068,Delhi,2026-06-15,False,True,True,True,True,True
3069,Delhi,2026-06-03,False,True,True,True,True,True
3070,Mumbai,2026-06-09,False,True,False,False,False,False
3071,Kolkata,2026-06-08,True,True,True,False,False,False
3072,Mumbai,2026-05-04,False,True,True,False,False,False
3073,Hyderabad,2026-05-23,False,True,True,False,False,False
3074,Mumbai,2026-05-01,True,True,True,False,False,False
3075,Mumbai,2026-06-27,False,True,True,True,True,True
3076,Hyderabad,2026-05-28,True,True,False,False,False,False
3077,Mumbai,2026-06-09,False,True,True,True,True,True
3078,Delhi,2026-06-29,False,True,True,True,True,True
3079,Delhi,2026-06-21,False,True,True,True,True,True
3080,Pune,2026-06-14,False,True,True,False,False,False
3081,Bengaluru,2026-05-03,False,True,False,False,False,False
3082,Pune,2026-06-09,False,True,True,True,True,True
3083,Delhi,2026-06-24,False,True,False,False,False,False
3084,Bengaluru,2026-06-18,False,True,True,True,True,True
3085,Delhi,2026-06-10,False,True,False,False,False,False
3086,Mumbai,2026-06-15,False,True,True,True,True,True
3087,Kolkata,2026-05-06,False,True,True,False,False,False
3088,Pune,2026-05-11,False,True,True,False,False,False
3089,Kolkata,2026-06-25,False,True,True,True,True,True
3090,Bengaluru,2026-05-01,False,True,True,False,False,False
3091,Mumbai,2026-05-16,False,True,True,True,True,True
3092,Delhi,2026-06-29,False,True,True,False,False,False
3093,Hyderabad,2026-05-13,False,True,True,True,True,True
3094,Kolkata,2026-05-10,True,True,True,True,True,True
3095,Pune,2026-05-03,False,True,True,True,True,True
3096,Kolkata,2026-06-29,False,True,True,False,False,False
3097,Pune,2026-06-11,False,True,True,True,True,True
3098,Delhi,2026-05-10,False,True,True,False,False,False
3099,Delhi,2026-06-16,False,True,True,True,True,True
3100,Bengaluru,2026-05-02,True,True,True,False,False,False
3101,Pune,2026-06-17,False,True,True,True,True,True
3102,Hyderabad,2026-05-21,False,True,True,False,False,False
3103,Pune,2026-05-06,False,True,False,False,False,False
3104,Bengaluru,2026-05-05,False,True,True,True,True,True
3105,Bengaluru,2026-06-22,False,True,True,True,True,True
3106,Kolkata,2026-06-25,True,True,True,False,False,False
3107,Bengaluru,2026-06-06,False,True,True,False,False,False
3108,Hyderabad,2026-06-07,False,True,True,True,True,True
3109,Hyderabad,2026-05-18,False,True,True,True,True,True
3110,Pune,2026-05-12,False,True,True,True,False,False
3111,Bengaluru,2026-05-18,False,True,True,True,False,False
3112,Delhi,2026-05-30,False,True,True,True,True,True
3113,Hyderabad,2026-05-20,False,True,True,True,True,False
3114,Hyderabad,2026-06-28,False,True,True,False,False,False
3115,Pune,2026-05-24,False,True,False,False,False,False
3116,Kolkata,2026-05-02,True,True,True,True,False,False
3117,Bengaluru,2026-05-06,False,True,False,False,False,False
3118,Pune,2026-06-28,False,True,True,True,True,True
3119,Mumbai,2026-05-12,False,True,True,True,True,True
3120,Kolkata,2026-06-24,False,True,True,True,True,False
3121,Kolkata,2026-05-18,True,True,True,True,False,False
3122,Bengaluru,2026-05-08,True,True,True,False,False,False
3123,Kolkata,2026-05-04,True,True,True,False,False,False
3124,Mumbai,2026-05-20,False,True,True,False,False,False
3125,Kolkata,2026-06-20,False,True,True,True,True,True
3126,Delhi,2026-05-03,False,True,True,True,False,False
3127,Bengaluru,2026-05-10,False,True,True,True,False,False
3128,Mumbai,2026-06-14,False,True,True,True,True,True
3129,Pune,2026-05-27,True,True,True,True,True,True
3130,Hyderabad,2026-05-11,False,True,True,True,False,False
3131,Delhi,2026-06-29,True,True,True,True,True,True
3132,Delhi,2026-06-17,False,True,True,False,False,False
3133,Hyderabad,2026-06-15,True,True,True,True,False,False
3134,Mumbai,2026-06-02,False,True,True,False,False,False
3135,Bengaluru,2026-06-27,False,True,True,True,True,True
3136,Mumbai,2026-05-10,False,True,True,True,True,True
3137,Mumbai,2026-06-04,False,True,False,False,False,False
3138,Delhi,2026-06-21,False,True,False,False,False,False
3139,Pune,2026-05-03,False,True,True,False,False,False
3140,Delhi,2026-06-06,False,True,True,True,True,True
3141,Kolkata,2026-06-24,False,True,True,False,False,False
3142,Bengaluru,2026-05-24,False,True,True,True,True,True
3143,Kolkata,2026-05-18,False,True,True,False,False,False
3144,Kolkata,2026-05-25,False,True,True,False,False,False
3145,Pune,2026-06-13,False,True,True,True,True,True
3146,Pune,2026-05-04,True,True,True,True,False,False
3147,Bengaluru,2026-05-17,False,True,True,False,False,False
3148,Hyderabad,2026-06-15,False,True,False,False,False,False
3149,Pune,2026-06-24,True,True,True,True,True,True
3150,Pune,2026-05-14,False,True,True,True,True,True
3151,Mumbai,2026-06-06,False,True,True,False,False,False
3152,Delhi,2026-05-10,False,True,True,True,True,True
3153,Hyderabad,2026-06-29,True,True,True,True,False,False
3154,Kolkata,2026-05-14,False,True,True,True,False,False
3155,Hyderabad,2026-05-26,False,True,True,False,False,False
3156,Bengaluru,2026-05-17,False,True,True,True,True,True
3157,Mumbai,2026-05-27,False,True,True,True,True,True
3158,Pune,2026-05-05,False,True,True,True,False,False
3159,Delhi,2026-05-27,False,True,True,True,True,True
3160,Pune,2026-06-18,False,True,True,True,False,False
3161,Hyderabad,2026-06-22,False,True,True,True,True,True
3162,Pune,2026-06-05,False,True,True,False,False,False
3163,Hyderabad,2026-05-24,False,True,True,True,True,True
3164,Delhi,2026-05-27,False,True,True,True,True,True
3165,Pune,2026-05-01,False,True,False,False,False,False
3166,Delhi,2026-06-10,False,True,True,False,False,False
3167,Pune,2026-05-13,True,True,True,True,True,True
3168,Kolkata,2026-06-29,True,True,False,False,False,False
3169,Pune,2026-06-16,True,True,True,True,False,False
3170,Mumbai,2026-06-23,False,True,True,True,False,False
3171,Pune,2026-06-16,False,True,True,True,True,True
3172,Delhi,2026-06-29,False,True,True,True,True,True
3173,Kolkata,2026-06-14,False,True,True,False,False,False
3174,Pune,2026-06-21,False,True,True,True,True,True
3175,Pune,2026-06-18,False,True,True,True,True,True
3176,Pune,2026-05-14,False,True,True,True,False,False
3177,Hyderabad,2026-06-11,False,True,True,False,False,False
3178,Delhi,2026-06-06,False,True,True,False,False,False
3179,Hyderabad,2026-05-31,True,True,True,True,True,True
3180,Bengaluru,2026-05-22,False,True,True,False,False,False
3181,Delhi,2026-06-27,False,True,True,True,True,True
3182,Kolkata,2026-06-14,True,True,True,False,False,False
3183,Mumbai,2026-06-09,False,True,True,False,False,False
3184,Kolkata,2026-06-24,False,True,True,True,True,True
3185,Hyderabad,2026-05-28,False,True,True,False,False,False
3186,Mumbai,2026-05-06,True,True,True,True,False,False
3187,Hyderabad,2026-05-14,False,True,True,True,True,True
3188,Hyderabad,2026-05-18,False,True,True,True,False,False
3189,Delhi,2026-05-01,False,True,True,True,True,True
3190,Delhi,2026-06-01,False,True,True,True,True,True
3191,Bengaluru,2026-06-03,True,True,True,True,True,True
3192,Mumbai,2026-06-17,True,True,True,False,False,False
3193,Bengaluru,2026-06-25,True,True,True,False,False,False
3194,Delhi,2026-05-12,False,True,True,True,False,False
3195,Pune,2026-06-06,False,True,True,False,False,False
3196,Hyderabad,2026-06-11,False,True,True,False,False,False
3197,Mumbai,2026-05-28,False,True,True,True,True,True
3198,Hyderabad,2026-05-29,True,True,True,True,False,False
3199,Kolkata,2026-06-09,False,True,True,False,False,False
3200,Bengaluru,2026-06-05,False,True,True,True,True,True
3201,Kolkata,2026-06-21,False,True,False,False,False,False
3202,Delhi,2026-06-17,False,True,False,False,False,False
3203,Kolkata,2026-06-04,False,True,True,True,False,False
3204,Kolkata,2026-05-01,False,True,False,False,False,False
3205,Mumbai,2026-05-23,False,True,False,False,False,False
3206,Pune,2026-06-27,False,True,True,True,True,False
3207,Kolkata,2026-06-04,False,True,True,True,False,False
3208,Kolkata,2026-05-26,False,True,True,False,False,False
3209,Kolkata,2026-06-03,False,True,False,False,False,False
3210,Mumbai,2026-06-06,False,True,True,True,True,True
3211,Mumbai,2026-06-25,False,True,True,False,False,False
3212,Hyderabad,2026-05-15,False,True,True,False,False,False
3213,Pune,2026-05-27,False,True,True,False,False,False
3214,Pune,2026-05-21,False,True,True,True,True,True
3215,Hyderabad,2026-06-29,False,True,True,True,False,False
3216,Hyderabad,2026-06-23,False,True,True,True,True,True
3217,Delhi,2026-06-11,False,True,True,True,True,False
3218,Bengaluru,2026-06-02,False,True,True,True,False,False
3219,Pune,2026-05-07,False,True,True,True,True,True
3220,Mumbai,2026-06-20,False,True,True,True,True,True
3221,Bengaluru,2026-06-01,False,True,True,True,True,True
3222,Delhi,2026-05-23,False,True,True,True,True,True
3223,Pune,2026-05-17,False,True,False,False,False,False
3224,Mumbai,2026-06-29,False,True,False,False,False,False
3225,Kolkata,2026-05-07,False,True,True,True,True,True
3226,Kolkata,2026-05-26,False,True,True,False,False,False
3227,Mumbai,2026-05-15,False,True,True,False,False,False
3228,Kolkata,2026-05-22,False,True,True,True,True,True
3229,Bengaluru,2026-05-22,False,True,True,False,False,False
3230,Hyderabad,2026-06-23,False,True,True,True,True,True
3231,Hyderabad,2026-05-31,False,True,True,True,False,False
3232,Pune,2026-06-20,False,True,True,True,True,True
3233,Pune,2026-06-07,False,True,True,True,False,False
3234,Kolkata,2026-06-14,False,True,True,False,False,False
3235,Pune,2026-06-07,False,True,True,False,False,False
3236,Mumbai,2026-05-11,False,True,True,True,True,True
3237,Hyderabad,2026-05-12,False,True,True,True,False,False
3238,Bengaluru,2026-05-09,False,True,True,True,True,True
3239,Hyderabad,2026-06-04,False,True,True,True,True,True
3240,Hyderabad,2026-05-19,False,True,True,True,True,True
3241,Mumbai,2026-06-20,False,True,False,False,False,False
3242,Bengaluru,2026-06-05,False,True,True,False,False,False
3243,Kolkata,2026-06-24,False,True,True,False,False,False
3244,Delhi,2026-06-03,False,True,True,True,True,True
3245,Hyderabad,2026-06-17,False,True,False,False,False,False
3246,Kolkata,2026-06-12,False,True,True,False,False,False
3247,Kolkata,2026-05-18,True,True,True,True,False,False
3248,Delhi,2026-05-02,False,True,True,True,True,True
3249,Kolkata,2026-05-20,True,True,True,True,False,False
3250,Hyderabad,2026-06-18,False,True,True,True,False,False
3251,Pune,2026-06-02,True,True,True,True,True,True
3252,Bengaluru,2026-05-26,True,True,False,False,False,False
3253,Pune,2026-05-30,False,True,True,False,False,False
3254,Mumbai,2026-05-13,False,True,True,True,True,True
3255,Hyderabad,2026-05-02,False,True,True,True,True,True
3256,Mumbai,2026-05-31,True,True,True,True,True,False
3257,Kolkata,2026-05-21,False,True,False,False,False,False
3258,Kolkata,2026-06-15,False,True,True,True,False,False
3259,Bengaluru,2026-06-09,False,True,True,True,True,True
3260,Mumbai,2026-05-26,False,True,True,True,True,False
3261,Hyderabad,2026-06-01,False,True,True,False,False,False
3262,Delhi,2026-06-21,False,True,True,True,True,True
3263,Bengaluru,2026-05-01,False,True,True,True,False,False
3264,Hyderabad,2026-05-13,False,True,True,False,False,False
3265,Hyderabad,2026-05-22,True,True,True,True,False,False
3266,Mumbai,2026-05-25,True,True,True,True,True,True
3267,Bengaluru,2026-06-01,False,True,True,True,True,True
3268,Bengaluru,2026-05-10,False,True,False,False,False,False
3269,Mumbai,2026-06-21,False,True,True,True,True,True
3270,Hyderabad,2026-05-14,False,True,True,False,False,False
3271,Bengaluru,2026-06-17,False,True,True,True,True,True
3272,Mumbai,2026-06-20,False,True,True,True,True,True
3273,Mumbai,2026-06-13,False,True,True,True,True,True
3274,Mumbai,2026-05-14,False,True,True,False,False,False
3275,Pune,2026-05-08,False,True,True,True,True,True
3276,Bengaluru,2026-05-21,False,True,True,True,True,True
3277,Hyderabad,2026-06-22,False,True,True,True,True,True
3278,Hyderabad,2026-05-18,False,True,True,False,False,False
3279,Mumbai,2026-06-16,False,True,True,False,False,False
3280,Kolkata,2026-05-08,True,True,True,True,True,True
3281,Hyderabad,2026-05-07,False,True,True,False,False,False
3282,Kolkata,2026-05-14,False,True,True,False,False,False
3283,Pune,2026-06-10,False,True,True,True,True,True
3284,Mumbai,2026-05-19,False,True,True,True,True,True
3285,Hyderabad,2026-05-30,False,True,True,True,True,True
3286,Kolkata,2026-06-17,False,True,True,True,False,False
3287,Bengaluru,2026-06-11,False,True,True,True,True,True
3288,Bengaluru,2026-06-29,False,True,True,True,False,False
3289,Bengaluru,2026-06-09,False,True,True,True,True,False
3290,Mumbai,2026-05-06,False,True,True,True,True,True
3291,Kolkata,2026-06-28,True,True,True,False,False,False
3292,Pune,2026-05-06,False,True,True,True,True,True
3293,Delhi,2026-06-22,False,True,True,False,False,False
3294,Delhi,2026-05-28,True,True,True,True,False,False
3295,Delhi,2026-05-21,False,True,True,True,True,False
3296,Mumbai,2026-06-28,True,True,True,True,False,False
3297,Kolkata,2026-05-24,True,True,True,True,False,False
3298,Hyderabad,2026-05-16,True,True,True,True,False,False
3299,Pune,2026-06-14,False,True,True,True,True,True
3300,Delhi,2026-06-07,True,True,True,True,False,False
3301,Mumbai,2026-06-04,False,True,False,False,False,False
3302,Kolkata,2026-06-02,False,True,True,False,False,False
3303,Bengaluru,2026-05-25,True,True,False,False,False,False
3304,Kolkata,2026-06-11,False,True,True,True,True,True
3305,Pune,2026-05-16,False,True,False,False,False,False
3306,Pune,2026-06-09,False,True,False,False,False,False
3307,Mumbai,2026-05-07,True,True,True,True,True,True
3308,Mumbai,2026-05-18,False,True,True,False,False,False
3309,Mumbai,2026-06-28,False,True,True,False,False,False
3310,Hyderabad,2026-06-12,False,True,True,False,False,False
3311,Bengaluru,2026-05-16,False,True,True,True,True,True
3312,Delhi,2026-05-04,False,True,True,True,True,True
3313,Bengaluru,2026-06-12,False,True,True,True,True,True
3314,Mumbai,2026-05-28,False,True,True,False,False,False
3315,Delhi,2026-05-24,True,True,True,False,False,False
3316,Kolkata,2026-05-25,False,True,True,True,True,True
3317,Kolkata,2026-05-30,False,True,False,False,False,False
3318,Kolkata,2026-05-29,False,True,True,False,False,False
3319,Kolkata,2026-06-04,False,True,False,False,False,False
3320,Hyderabad,2026-05-06,False,True,True,False,False,False
3321,Hyderabad,2026-06-19,False,True,True,False,False,False
3322,Pune,2026-05-05,False,True,True,True,True,True
3323,Hyderabad,2026-05-29,False,True,False,False,False,False
3324,Kolkata,2026-06-24,False,True,True,True,True,True
3325,Mumbai,2026-05-02,True,True,False,False,False,False
3326,Hyderabad,2026-06-16,False,True,True,False,False,False
3327,Mumbai,2026-05-12,False,True,True,False,False,False
3328,Kolkata,2026-06-12,False,True,True,False,False,False
3329,Pune,2026-05-23,True,True,True,False,False,False
3330,Bengaluru,2026-06-10,False,True,True,False,False,False
3331,Pune,2026-05-17,False,True,True,False,False,False
3332,Pune,2026-06-19,False,True,True,True,True,True
3333,Delhi,2026-05-10,False,True,False,False,False,False
3334,Bengaluru,2026-05-19,False,True,False,False,False,False
3335,Hyderabad,2026-06-26,True,True,True,True,False,False
3336,Hyderabad,2026-06-15,False,True,True,True,False,False
3337,Hyderabad,2026-05-12,False,True,True,True,True,True
3338,Pune,2026-06-08,True,True,True,True,False,False
3339,Mumbai,2026-05-17,False,True,True,False,False,False
3340,Hyderabad,2026-05-09,False,True,False,False,False,False
3341,Delhi,2026-05-03,False,True,True,True,True,True
3342,Pune,2026-05-12,False,True,True,True,True,True
3343,Kolkata,2026-06-18,True,True,True,True,True,True
3344,Pune,2026-06-17,True,True,True,True,False,False
3345,Hyderabad,2026-06-01,False,True,True,False,False,False
3346,Delhi,2026-06-04,True,True,True,False,False,False
3347,Mumbai,2026-05-03,False,True,False,False,False,False
3348,Pune,2026-05-10,False,True,True,False,False,False
3349,Kolkata,2026-06-09,False,True,False,False,False,False
3350,Delhi,2026-06-04,False,True,True,True,False,False
3351,Delhi,2026-05-14,True,True,False,False,False,False
3352,Delhi,2026-06-28,False,True,True,True,False,False
3353,Kolkata,2026-06-03,False,True,True,False,False,False
3354,Mumbai,2026-05-27,True,True,True,True,True,True
3355,Bengaluru,2026-05-02,True,True,True,False,False,False
3356,Mumbai,2026-05-15,False,True,True,True,False,False
3357,Hyderabad,2026-05-29,False,True,True,True,False,False
3358,Kolkata,2026-05-26,False,True,True,True,True,True
3359,Kolkata,2026-05-17,True,True,True,False,False,False
3360,Delhi,2026-05-23,False,True,False,False,False,False
3361,Pune,2026-05-08,False,True,True,True,True,True
3362,Bengaluru,2026-05-29,True,True,False,False,False,False
3363,Hyderabad,2026-06-05,True,True,True,False,False,False
3364,Mumbai,2026-05-11,False,True,True,False,False,False
3365,Bengaluru,2026-06-23,False,True,True,False,False,False
3366,Mumbai,2026-06-17,False,True,False,False,False,False
3367,Bengaluru,2026-05-26,False,True,True,True,True,True
3368,Hyderabad,2026-05-22,False,True,True,True,True,True
3369,Pune,2026-06-03,True,True,True,False,False,False
3370,Mumbai,2026-05-23,True,True,True,True,False,False
3371,Kolkata,2026-06-10,False,True,False,False,False,False
3372,Mumbai,2026-05-07,False,True,True,False,False,False
3373,Delhi,2026-06-03,False,True,True,True,False,False
3374,Kolkata,2026-05-04,False,True,True,False,False,False
3375,Mumbai,2026-06-13,False,True,True,True,True,False
3376,Bengaluru,2026-05-06,True,True,True,False,False,False
3377,Bengaluru,2026-05-09,True,True,True,False,False,False
3378,Kolkata,2026-05-16,False,True,True,True,False,False
3379,Kolkata,2026-06-22,False,True,True,True,False,False
3380,Delhi,2026-06-14,False,True,True,True,True,True
3381,Hyderabad,2026-05-16,False,True,True,False,False,False
3382,Bengaluru,2026-06-19,True,True,True,True,True,True
3383,Mumbai,2026-06-22,False,True,True,True,True,True
3384,Hyderabad,2026-06-08,False,True,True,False,False,False
3385,Hyderabad,2026-05-04,False,True,True,False,False,False
3386,Delhi,2026-06-14,False,True,True,True,True,True
3387,Hyderabad,2026-05-05,False,True,True,True,True,True
3388,Bengaluru,2026-05-13,True,True,True,False,False,False
3389,Kolkata,2026-05-11,False,True,False,False,False,False
3390,Pune,2026-05-07,True,True,True,False,False,False
3391,Bengaluru,2026-06-14,False,True,True,False,False,False
3392,Hyderabad,2026-06-19,True,True,True,True,True,True
3393,Mumbai,2026-06-02,False,True,True,False,False,False
3394,Pune,2026-06-25,True,True,True,True,False,False
3395,Delhi,2026-05-31,False,True,True,False,False,False
3396,Kolkata,2026-06-21,True,True,True,True,False,False
3397,Bengaluru,2026-05-29,False,True,True,True,True,True
3398,Kolkata,2026-05-09,False,True,False,False,False,False
3399,Kolkata,2026-05-20,False,True,True,False,False,False
3400,Hyderabad,2026-06-06,True,True,False,False,False,False
3401,Bengaluru,2026-05-28,False,True,True,True,True,True
3402,Bengaluru,2026-06-11,True,True,True,True,True,True
3403,Hyderabad,2026-06-08,False,True,True,False,False,False
3404,Mumbai,2026-05-14,False,True,True,True,True,True
3405,Bengaluru,2026-05-20,False,True,True,True,True,True
3406,Pune,2026-05-29,False,True,True,False,False,False
3407,Mumbai,2026-06-20,False,True,True,True,False,False
3408,Pune,2026-05-24,True,True,True,True,False,False
3409,Hyderabad,2026-06-23,True,True,True,True,False,False
3410,Kolkata,2026-06-04,False,True,True,True,True,True
3411,Bengaluru,2026-06-18,False,True,True,True,True,True
3412,Bengaluru,2026-05-02,False,True,True,True,True,True
3413,Kolkata,2026-05-07,True,True,True,True,False,False
3414,Kolkata,2026-05-25,False,True,True,True,True,True
3415,Bengaluru,2026-05-10,True,True,True,True,True,True
3416,Bengaluru,2026-06-20,False,True,True,False,False,False
3417,Mumbai,2026-06-20,False,True,True,True,True,True
3418,Delhi,2026-06-23,False,True,True,True,True,True
3419,Hyderabad,2026-05-07,False,True,True,True,True,True
3420,Delhi,2026-05-31,True,True,False,False,False,False
3421,Mumbai,2026-05-17,False,True,True,False,False,False
3422,Delhi,2026-06-06,False,True,True,False,False,False
3423,Pune,2026-06-15,True,True,True,False,False,False
3424,Bengaluru,2026-06-24,False,True,True,True,True,True
3425,Hyderabad,2026-06-13,False,True,True,False,False,False
3426,Kolkata,2026-06-06,False,True,True,True,True,True
3427,Pune,2026-06-12,True,True,True,True,True,True
3428,Hyderabad,2026-06-12,False,True,True,True,True,True
3429,Mumbai,2026-06-04,False,True,True,True,False,False
3430,Mumbai,2026-06-24,False,True,True,True,True,True
3431,Bengaluru,2026-06-22,False,True,True,False,False,False
3432,Mumbai,2026-05-01,False,True,True,True,True,True
3433,Bengaluru,2026-06-08,False,True,True,True,True,True
3434,Hyderabad,2026-06-16,True,True,True,True,True,True
3435,Pune,2026-06-26,False,True,True,True,True,True
3436,Kolkata,2026-05-20,False,True,True,False,False,False
3437,Kolkata,2026-05-08,False,True,True,False,False,False
3438,Hyderabad,2026-05-05,True,True,True,True,False,False
3439,Kolkata,2026-05-13,False,True,True,True,True,True
3440,Pune,2026-05-30,False,True,True,False,False,False
3441,Kolkata,2026-06-02,False,True,True,False,False,False
3442,Hyderabad,2026-05-07,False,True,True,True,True,True
3443,Kolkata,2026-05-03,False,True,True,True,True,True
3444,Kolkata,2026-06-09,False,True,False,False,False,False
3445,Delhi,2026-06-09,True,True,True,True,True,True
3446,Hyderabad,2026-05-31,True,True,False,False,False,False
3447,Delhi,2026-06-20,False,True,True,True,True,True
3448,Delhi,2026-06-19,False,True,True,False,False,False
3449,Delhi,2026-06-04,False,True,True,True,True,True
3450,Bengaluru,2026-05-17,False,True,True,False,False,False
3451,Bengaluru,2026-05-17,False,True,True,False,False,False
3452,Pune,2026-06-11,True,True,True,True,True,True
3453,Pune,2026-06-11,False,True,True,True,True,True
3454,Mumbai,2026-06-03,True,True,True,True,True,True
3455,Kolkata,2026-06-25,False,True,True,True,False,False
3456,Hyderabad,2026-06-13,False,True,True,False,False,False
3457,Delhi,2026-05-27,False,True,True,False,False,False
3458,Pune,2026-06-17,False,True,False,False,False,False
3459,Bengaluru,2026-06-09,False,True,True,False,False,False
3460,Mumbai,2026-06-28,False,True,True,True,True,True
3461,Delhi,2026-05-28,False,True,True,True,True,True
3462,Delhi,2026-06-13,False,True,False,False,False,False
3463,Pune,2026-06-01,True,True,True,False,False,False
3464,Mumbai,2026-05-12,False,True,False,False,False,False
3465,Kolkata,2026-05-14,True,True,True,False,False,False
3466,Bengaluru,2026-05-07,False,True,True,True,False,False
3467,Hyderabad,2026-05-20,False,True,True,False,False,False
3468,Bengaluru,2026-05-24,False,True,True,False,False,False
3469,Hyderabad,2026-06-10,False,True,True,True,True,True
3470,Delhi,2026-05-24,True,True,False,False,False,False
3471,Delhi,2026-05-31,False,True,True,True,False,False
3472,Pune,2026-06-15,False,True,True,True,True,True
3473,Hyderabad,2026-06-28,True,True,True,True,False,False
3474,Kolkata,2026-06-25,False,True,True,True,True,True
3475,Bengaluru,2026-05-02,False,True,False,False,False,False
3476,Pune,2026-06-23,False,True,True,False,False,False
3477,Mumbai,2026-06-19,False,True,True,True,True,True
3478,Kolkata,2026-06-21,True,True,True,True,True,True
3479,Delhi,2026-05-18,False,True,True,True,False,False
3480,Mumbai,2026-06-27,False,True,True,True,True,True
3481,Hyderabad,2026-05-08,False,True,True,True,True,True
3482,Hyderabad,2026-05-30,False,True,True,True,True,True
3483,Kolkata,2026-06-13,False,True,True,True,True,True
3484,Delhi,2026-05-11,False,True,False,False,False,False
3485,Mumbai,2026-06-26,False,True,True,True,False,False
3486,Hyderabad,2026-05-25,False,True,True,False,False,False
3487,Delhi,2026-05-05,False,True,True,False,False,False
3488,Bengaluru,2026-06-01,False,True,True,False,False,False
3489,Pune,2026-06-18,False,True,True,True,True,True
3490,Pune,2026-06-11,True,True,True,False,False,False
3491,Kolkata,2026-06-20,False,True,True,False,False,False
3492,Kolkata,2026-05-24,False,True,True,True,True,True
3493,Delhi,2026-05-18,False,True,False,False,False,False
3494,Delhi,2026-06-02,True,True,True,True,True,True
3495,Mumbai,2026-05-24,False,True,False,False,False,False
3496,Mumbai,2026-06-04,False,True,True,False,False,False
3497,Pune,2026-06-14,False,True,True,True,False,False
3498,Pune,2026-05-17,True,True,True,True,False,False
3499,Hyderabad,2026-05-28,False,True,True,True,False,False
3500,Bengaluru,2026-05-25,False,True,True,True,True,True
3501,Delhi,2026-05-23,False,True,False,False,False,False
3502,Bengaluru,2026-05-27,False,True,True,False,False,False
3503,Mumbai,2026-05-17,False,True,True,False,False,False
3504,Bengaluru,2026-06-11,False,True,True,False,False,False
3505,Kolkata,2026-05-10,True,True,False,False,False,False
3506,Bengaluru,2026-06-17,False,True,True,False,False,False
3507,Mumbai,2026-06-06,False,True,True,True,True,True
3508,Mumbai,2026-05-19,False,True,True,True,False,False
3509,Kolkata,2026-06-06,True,True,True,True,False,False
3510,Hyderabad,2026-06-02,False,True,True,False,False,False
3511,Bengaluru,2026-05-21,True,True,True,False,False,False
3512,Delhi,2026-06-02,True,True,True,False,False,False
3513,Hyderabad,2026-06-13,False,True,True,True,True,True
3514,Mumbai,2026-05-15,False,True,True,True,True,True
3515,Delhi,2026-06-11,True,True,True,False,False,False
3516,Hyderabad,2026-05-21,False,True,True,True,True,True
3517,Bengaluru,2026-06-14,False,True,True,True,False,False
3518,Hyderabad,2026-06-08,True,True,True,True,True,True
3519,Kolkata,2026-06-07,True,True,True,True,False,False
3520,Pune,2026-05-24,True,True,True,False,False,False
3521,Mumbai,2026-05-06,False,True,True,True,True,True
3522,Delhi,2026-06-14,False,True,True,True,False,False
3523,Kolkata,2026-06-27,False,True,True,True,True,True
3524,Mumbai,2026-05-02,False,True,False,False,False,False
3525,Mumbai,2026-06-19,False,True,True,False,False,False
3526,Hyderabad,2026-06-07,False,True,True,True,True,True
3527,Bengaluru,2026-05-26,False,True,True,False,False,False
3528,Kolkata,2026-06-25,False,True,True,True,True,True
3529,Kolkata,2026-05-30,True,True,True,True,False,False
3530,Hyderabad,2026-05-17,False,True,True,True,True,True
3531,Kolkata,2026-05-07,False,True,True,True,True,True
3532,Hyderabad,2026-06-03,False,True,True,False,False,False
3533,Hyderabad,2026-06-25,False,True,True,True,True,True
3534,Pune,2026-06-06,True,True,True,True,False,False
3535,Kolkata,2026-06-26,False,True,True,True,True,True
3536,Bengaluru,2026-06-27,False,True,True,False,False,False
3537,Bengaluru,2026-05-20,False,True,True,True,True,False
3538,Kolkata,2026-05-19,False,True,True,True,True,True
3539,Bengaluru,2026-06-11,False,True,True,True,True,True
3540,Kolkata,2026-05-10,False,True,True,False,False,False
3541,Kolkata,2026-06-01,False,True,True,False,False,False
3542,Pune,2026-06-18,False,True,True,False,False,False
3543,Delhi,2026-05-17,False,True,True,False,False,False
3544,Bengaluru,2026-06-18,True,True,True,True,True,True
3545,Bengaluru,2026-06-29,False,True,True,True,True,True
3546,Kolkata,2026-06-26,False,True,True,False,False,False
3547,Mumbai,2026-06-15,False,True,False,False,False,False
3548,Pune,2026-06-25,False,True,True,True,True,True
3549,Delhi,2026-06-16,False,True,False,False,False,False
3550,Mumbai,2026-05-29,False,True,True,False,False,False
3551,Kolkata,2026-05-25,False,True,True,True,True,True
3552,Pune,2026-05-12,True,True,True,True,True,True
3553,Pune,2026-05-12,False,True,True,False,False,False
3554,Kolkata,2026-06-13,False,True,True,True,True,True
3555,Pune,2026-06-09,False,True,True,False,False,False
3556,Delhi,2026-06-12,False,True,True,True,False,False
3557,Kolkata,2026-05-09,False,True,True,False,False,False
3558,Mumbai,2026-06-02,False,True,True,False,False,False
3559,Mumbai,2026-06-21,False,True,False,False,False,False
3560,Hyderabad,2026-06-29,True,True,True,False,False,False
3561,Pune,2026-06-28,False,True,True,False,False,False
3562,Delhi,2026-06-27,False,True,True,False,False,False
3563,Hyderabad,2026-05-23,False,True,True,True,True,True
3564,Bengaluru,2026-05-24,False,True,True,False,False,False
3565,Delhi,2026-06-04,True,True,True,False,False,False
3566,Delhi,2026-06-27,False,True,True,True,True,True
3567,Delhi,2026-06-17,False,True,True,True,False,False
3568,Delhi,2026-06-11,False,True,True,True,True,True
3569,Delhi,2026-05-13,False,True,True,True,True,True
3570,Hyderabad,2026-06-26,False,True,True,True,True,True
3571,Mumbai,2026-06-16,False,True,True,True,True,True
3572,Delhi,2026-06-10,True,True,True,True,True,True
3573,Kolkata,2026-05-17,True,True,True,True,False,False
3574,Delhi,2026-06-04,False,True,True,False,False,False
3575,Bengaluru,2026-06-08,True,True,True,True,True,True
3576,Pune,2026-06-13,False,True,True,True,True,True
3577,Mumbai,2026-06-21,False,True,True,False,False,False
3578,Pune,2026-06-16,False,True,True,True,True,True
3579,Hyderabad,2026-05-23,False,True,True,False,False,False
3580,Delhi,2026-05-10,False,True,True,True,True,True
3581,Hyderabad,2026-05-30,False,True,True,True,True,True
3582,Bengaluru,2026-05-24,False,True,True,False,False,False
3583,Bengaluru,2026-06-24,False,True,False,False,False,False
3584,Mumbai,2026-05-22,False,True,True,False,False,False
3585,Hyderabad,2026-06-09,False,True,True,True,False,False
3586,Kolkata,2026-06-08,False,True,True,False,False,False
3587,Delhi,2026-05-24,False,True,False,False,False,False
3588,Pune,2026-06-27,True,True,True,False,False,False
3589,Hyderabad,2026-05-20,True,True,False,False,False,False
3590,Mumbai,2026-05-30,True,True,True,False,False,False
3591,Pune,2026-06-07,False,True,True,True,True,True
3592,Mumbai,2026-06-04,False,True,True,False,False,False
3593,Kolkata,2026-05-21,False,True,True,False,False,False
3594,Pune,2026-05-22,False,True,False,False,False,False
3595,Kolkata,2026-05-09,False,True,True,False,False,False
3596,Pune,2026-05-02,False,True,True,False,False,False
3597,Hyderabad,2026-05-31,False,True,True,False,False,False
3598,Bengaluru,2026-06-09,False,True,True,True,True,False
3599,Hyderabad,2026-05-13,False,True,False,False,False,False
3600,Delhi,2026-06-06,False,True,True,True,True,True
3601,Mumbai,2026-06-16,False,True,True,False,False,False
3602,Pune,2026-05-18,True,True,True,False,False,False
3603,Delhi,2026-05-29,False,True,True,True,False,False
3604,Mumbai,2026-06-29,False,True,True,True,False,False
3605,Kolkata,2026-06-25,False,True,False,False,False,False
3606,Mumbai,2026-05-23,False,True,True,True,False,False
3607,Hyderabad,2026-05-05,False,True,True,True,True,True
3608,Pune,2026-05-08,False,True,True,False,False,False
3609,Kolkata,2026-06-07,True,True,True,True,False,False
3610,Pune,2026-05-09,False,True,True,True,True,True
3611,Kolkata,2026-05-16,False,True,True,False,False,False
3612,Kolkata,2026-05-31,True,True,False,False,False,False
3613,Delhi,2026-06-18,False,True,True,False,False,False
3614,Pune,2026-05-29,False,True,True,True,True,False
3615,Pune,2026-06-05,True,True,True,True,True,True
3616,Kolkata,2026-06-25,False,True,True,True,False,False
3617,Kolkata,2026-06-28,True,True,True,False,False,False
3618,Delhi,2026-05-15,True,True,True,True,False,False
3619,Hyderabad,2026-05-28,False,True,False,False,False,False
3620,Mumbai,2026-06-02,False,True,True,False,False,False
3621,Pune,2026-05-25,False,True,True,True,True,True
3622,Bengaluru,2026-06-27,True,True,True,True,False,False
3623,Pune,2026-05-12,True,True,True,True,False,False
3624,Hyderabad,2026-05-10,True,True,True,True,True,True
3625,Hyderabad,2026-05-21,False,True,True,True,False,False
3626,Pune,2026-05-21,False,True,True,True,False,False
3627,Hyderabad,2026-06-06,False,True,True,False,False,False
3628,Hyderabad,2026-05-23,True,True,True,True,True,True
3629,Mumbai,2026-06-29,False,True,False,False,False,False
3630,Pune,2026-06-23,False,True,False,False,False,False
3631,Mumbai,2026-06-20,True,True,True,True,True,False
3632,Delhi,2026-05-11,True,True,True,False,False,False
3633,Pune,2026-05-26,False,True,True,False,False,False
3634,Pune,2026-06-02,False,True,True,True,True,True
3635,Hyderabad,2026-06-03,True,True,True,False,False,False
3636,Pune,2026-05-06,False,True,True,False,False,False
3637,Bengaluru,2026-05-09,False,True,True,True,False,False
3638,Hyderabad,2026-05-01,True,True,True,True,True,True
3639,Bengaluru,2026-05-15,True,True,True,True,False,False
3640,Delhi,2026-05-24,False,True,True,False,False,False
3641,Delhi,2026-06-29,False,True,True,False,False,False
3642,Mumbai,2026-05-22,False,True,True,True,True,True
3643,Mumbai,2026-05-26,False,True,True,False,False,False
3644,Mumbai,2026-05-17,False,True,True,True,False,False
3645,Delhi,2026-06-21,False,True,True,False,False,False
3646,Pune,2026-06-07,False,True,True,True,True,True
3647,Kolkata,2026-06-01,False,True,True,True,False,False
3648,Hyderabad,2026-06-04,False,True,True,True,False,False
3649,Mumbai,2026-06-20,False,True,True,False,False,False
3650,Delhi,2026-06-12,True,True,False,False,False,False
3651,Pune,2026-05-14,False,True,True,False,False,False
3652,Delhi,2026-05-27,False,True,True,True,True,True
3653,Hyderabad,2026-05-03,True,True,False,False,False,False
3654,Delhi,2026-05-13,False,True,True,False,False,False
3655,Delhi,2026-05-09,True,True,True,True,False,False
3656,Mumbai,2026-05-14,False,True,True,False,False,False
3657,Mumbai,2026-06-16,True,True,False,False,False,False
3658,Hyderabad,2026-05-26,False,True,True,False,False,False
3659,Hyderabad,2026-06-21,False,True,True,False,False,False
3660,Pune,2026-05-26,True,True,True,True,False,False
3661,Bengaluru,2026-06-23,False,True,True,False,False,False
3662,Hyderabad,2026-05-22,False,True,True,True,False,False
3663,Kolkata,2026-06-09,False,True,True,True,True,True
3664,Hyderabad,2026-06-01,False,True,False,False,False,False
3665,Hyderabad,2026-06-28,False,True,True,True,False,False
3666,Hyderabad,2026-06-29,True,True,True,False,False,False
3667,Kolkata,2026-05-12,False,True,True,False,False,False
3668,Kolkata,2026-06-14,False,True,True,False,False,False
3669,Bengaluru,2026-05-29,False,True,True,True,True,True
3670,Bengaluru,2026-06-24,True,True,True,True,True,True
3671,Delhi,2026-06-29,False,True,True,True,True,True
3672,Delhi,2026-06-21,False,True,True,True,True,True
3673,Kolkata,2026-05-06,True,True,True,False,False,False
3674,Kolkata,2026-05-21,False,True,True,True,True,True
3675,Hyderabad,2026-05-20,True,True,True,True,True,True
3676,Mumbai,2026-05-09,False,True,True,True,True,True
3677,Kolkata,2026-05-09,False,True,True,False,False,False
3678,Kolkata,2026-05-11,False,True,True,True,True,False
3679,Bengaluru,2026-06-27,False,True,True,True,True,True
3680,Kolkata,2026-05-12,True,True,False,False,False,False
3681,Pune,2026-05-04,False,True,True,True,False,False
3682,Kolkata,2026-06-29,False,True,True,True,True,True
3683,Hyderabad,2026-05-09,False,True,True,True,True,True
3684,Hyderabad,2026-06-14,False,True,True,False,False,False
3685,Hyderabad,2026-06-29,False,True,True,False,False,False
3686,Hyderabad,2026-06-14,False,True,True,True,True,False
3687,Delhi,2026-06-13,False,True,False,False,False,False
3688,Mumbai,2026-06-02,True,True,True,False,False,False
3689,Kolkata,2026-05-01,False,True,True,True,True,True
3690,Bengaluru,2026-05-08,False,True,True,True,True,True
3691,Delhi,2026-06-03,False,True,True,False,False,False
3692,Kolkata,2026-05-08,False,True,True,True,True,True
3693,Kolkata,2026-05-03,False,True,False,False,False,False
3694,Kolkata,2026-06-03,False,True,False,False,False,False
3695,Hyderabad,2026-05-13,False,True,True,False,False,False
3696,Hyderabad,2026-06-10,False,True,True,False,False,False
3697,Pune,2026-06-09,False,True,False,False,False,False
3698,Pune,2026-06-15,True,True,True,False,False,False
3699,Pune,2026-05-25,True,True,True,True,True,True
3700,Mumbai,2026-05-17,False,True,True,False,False,False
3701,Mumbai,2026-06-25,False,True,True,False,False,False
3702,Pune,2026-05-28,False,True,False,False,False,False
3703,Pune,2026-05-07,True,True,True,True,True,True
3704,Hyderabad,2026-06-24,True,True,True,True,False,False
3705,Pune,2026-05-24,False,True,True,True,True,True
3706,Mumbai,2026-06-16,False,True,True,True,True,True
3707,Mumbai,2026-05-22,False,True,True,True,True,True
3708,Delhi,2026-05-12,True,True,True,True,False,False
3709,Mumbai,2026-06-24,False,True,True,True,True,True
3710,Kolkata,2026-05-03,False,True,True,True,True,True
3711,Kolkata,2026-06-09,False,True,True,False,False,False
3712,Mumbai,2026-06-09,False,True,True,True,True,True
3713,Pune,2026-05-03,False,True,True,False,False,False
3714,Hyderabad,2026-05-04,False,True,True,True,True,False
3715,Hyderabad,2026-05-02,False,True,True,True,True,False
3716,Bengaluru,2026-06-19,False,True,False,False,False,False
3717,Mumbai,2026-06-01,True,True,True,False,False,False
3718,Kolkata,2026-06-20,False,True,False,False,False,False
3719,Pune,2026-06-14,False,True,True,False,False,False
3720,Kolkata,2026-05-29,True,True,True,False,False,False
3721,Delhi,2026-05-23,False,True,True,True,True,True
3722,Kolkata,2026-05-07,False,True,True,False,False,False
3723,Bengaluru,2026-05-02,False,True,True,True,False,False
3724,Delhi,2026-05-26,False,True,True,False,False,False
3725,Pune,2026-06-10,True,True,True,False,False,False
3726,Mumbai,2026-06-28,False,True,True,False,False,False
3727,Hyderabad,2026-06-06,False,True,True,True,False,False
3728,Kolkata,2026-05-08,False,True,False,False,False,False
3729,Bengaluru,2026-05-02,True,True,True,True,True,True
3730,Kolkata,2026-06-05,False,True,True,True,True,False
3731,Kolkata,2026-05-16,False,True,True,False,False,False
3732,Hyderabad,2026-05-31,False,True,False,False,False,False
3733,Hyderabad,2026-05-21,False,True,True,False,False,False
3734,Mumbai,2026-05-06,True,True,True,True,False,False
3735,Kolkata,2026-06-21,False,True,True,False,False,False
3736,Pune,2026-06-20,False,True,False,False,False,False
3737,Pune,2026-06-17,False,True,True,True,False,False
3738,Pune,2026-05-25,True,True,True,True,True,True
3739,Pune,2026-06-17,False,True,True,True,True,True
3740,Hyderabad,2026-06-16,False,True,True,True,True,True
3741,Kolkata,2026-06-17,False,True,True,False,False,False
3742,Mumbai,2026-05-16,True,True,True,False,False,False
3743,Hyderabad,2026-05-21,True,True,True,True,True,True
3744,Hyderabad,2026-06-01,True,True,True,False,False,False
3745,Mumbai,2026-06-16,False,True,True,False,False,False
3746,Bengaluru,2026-05-24,True,True,True,True,False,False
3747,Pune,2026-05-07,False,True,False,False,False,False
3748,Kolkata,2026-06-10,False,True,True,True,False,False
3749,Hyderabad,2026-06-17,False,True,False,False,False,False
3750,Hyderabad,2026-06-20,False,True,True,False,False,False
3751,Delhi,2026-05-26,False,True,True,True,True,True
3752,Pune,2026-05-25,False,True,True,False,False,False
3753,Pune,2026-06-15,False,True,True,True,False,False
3754,Kolkata,2026-06-14,True,True,True,True,False,False
3755,Pune,2026-05-12,True,True,False,False,False,False
3756,Bengaluru,2026-06-08,False,True,True,True,False,False
3757,Pune,2026-05-19,False,True,False,False,False,False
3758,Hyderabad,2026-06-14,True,True,True,True,True,True
3759,Mumbai,2026-05-31,True,True,True,True,False,False
3760,Mumbai,2026-06-16,False,True,True,True,False,False
3761,Bengaluru,2026-06-03,False,True,False,False,False,False
3762,Mumbai,2026-06-12,False,True,True,True,True,True
3763,Kolkata,2026-06-19,False,True,True,True,True,True
3764,Kolkata,2026-06-10,False,True,True,True,True,True
3765,Hyderabad,2026-06-08,False,True,True,False,False,False
3766,Mumbai,2026-05-15,True,True,True,True,False,False
3767,Hyderabad,2026-05-15,False,True,True,True,True,False
3768,Kolkata,2026-06-07,False,True,True,True,False,False
3769,Kolkata,2026-06-20,False,True,True,False,False,False
3770,Delhi,2026-06-15,False,True,True,True,False,False
3771,Mumbai,2026-06-24,True,True,True,True,False,False
3772,Hyderabad,2026-06-19,False,True,True,False,False,False
3773,Mumbai,2026-05-19,False,True,True,True,True,True
3774,Hyderabad,2026-06-07,True,True,True,False,False,False
3775,Hyderabad,2026-06-12,False,True,True,True,True,True
3776,Hyderabad,2026-05-22,False,True,True,True,True,True
3777,Pune,2026-06-28,False,True,True,False,False,False
3778,Kolkata,2026-06-07,True,True,True,True,False,False
3779,Hyderabad,2026-05-20,False,True,False,False,False,False
3780,Hyderabad,2026-06-16,False,True,True,True,True,True
3781,Hyderabad,2026-06-07,False,True,True,False,False,False
3782,Mumbai,2026-06-28,False,True,True,True,True,False
3783,Delhi,2026-05-08,False,True,True,False,False,False
3784,Pune,2026-06-06,False,True,True,True,True,True
3785,Delhi,2026-06-11,False,True,True,True,True,True
3786,Hyderabad,2026-06-14,False,True,True,True,True,True
3787,Hyderabad,2026-05-23,True,True,True,False,False,False
3788,Bengaluru,2026-05-24,True,True,True,True,False,False
3789,Hyderabad,2026-06-02,False,True,True,True,True,True
3790,Pune,2026-05-03,False,True,True,False,False,False
3791,Bengaluru,2026-06-05,False,True,True,True,True,True
3792,Hyderabad,2026-06-02,False,True,True,False,False,False
3793,Bengaluru,2026-05-20,True,True,True,True,True,True
3794,Kolkata,2026-06-06,True,True,True,True,False,False
3795,Mumbai,2026-06-15,False,True,True,False,False,False
3796,Delhi,2026-05-03,False,True,True,False,False,False
3797,Pune,2026-06-17,False,True,True,False,False,False
3798,Delhi,2026-06-03,False,True,True,False,False,False
3799,Mumbai,2026-05-08,False,True,True,True,True,False
3800,Hyderabad,2026-05-17,False,True,True,False,False,False
3801,Bengaluru,2026-05-26,False,True,True,True,True,True
3802,Kolkata,2026-05-04,True,True,True,True,False,False
3803,Delhi,2026-06-11,False,True,True,True,True,False
3804,Hyderabad,2026-05-16,False,True,True,False,False,False
3805,Delhi,2026-06-29,False,True,True,True,True,True
3806,Hyderabad,2026-05-28,False,True,True,True,True,True
3807,Mumbai,2026-05-26,False,True,True,True,False,False
3808,Bengaluru,2026-05-14,False,True,True,False,False,False
3809,Pune,2026-05-09,False,True,False,False,False,False
3810,Bengaluru,2026-05-14,False,True,True,True,True,True
3811,Bengaluru,2026-05-09,True,True,True,True,False,False
3812,Kolkata,2026-06-17,False,True,False,False,False,False
3813,Delhi,2026-06-08,True,True,True,True,True,True
3814,Bengaluru,2026-06-05,False,True,False,False,False,False
3815,Kolkata,2026-06-27,False,True,True,True,True,True
3816,Pune,2026-05-11,True,True,True,False,False,False
3817,Bengaluru,2026-05-17,True,True,True,True,True,True
3818,Delhi,2026-06-18,False,True,True,False,False,False
3819,Kolkata,2026-05-07,False,True,True,True,True,True
3820,Kolkata,2026-05-08,False,True,True,False,False,False
3821,Kolkata,2026-06-03,False,True,True,False,False,False
3822,Pune,2026-05-15,False,True,True,True,True,True
3823,Pune,2026-05-22,True,True,True,True,False,False
3824,Mumbai,2026-06-05,True,True,True,False,False,False
3825,Kolkata,2026-06-16,True,True,True,False,False,False
3826,Hyderabad,2026-06-08,False,True,True,True,True,True
3827,Kolkata,2026-05-26,False,True,True,True,True,True
3828,Mumbai,2026-05-13,False,True,True,False,False,False
3829,Delhi,2026-06-13,True,True,True,True,False,False
3830,Hyderabad,2026-05-31,False,True,True,False,False,False
3831,Hyderabad,2026-05-06,False,True,True,False,False,False
3832,Hyderabad,2026-06-13,False,True,True,False,False,False
3833,Delhi,2026-05-24,False,True,True,False,False,False
3834,Mumbai,2026-06-21,False,True,True,True,True,True
3835,Kolkata,2026-05-01,False,True,True,False,False,False
3836,Delhi,2026-05-13,True,True,True,True,True,False
3837,Hyderabad,2026-05-25,True,True,False,False,False,False
3838,Mumbai,2026-05-19,False,True,True,False,False,False
3839,Hyderabad,2026-05-22,False,True,True,True,True,True
3840,Pune,2026-06-18,False,True,True,True,False,False
3841,Delhi,2026-06-01,False,True,True,True,False,False
3842,Bengaluru,2026-05-30,False,True,True,False,False,False
3843,Mumbai,2026-05-15,True,True,True,False,False,False
3844,Delhi,2026-05-11,False,True,True,True,True,True
3845,Mumbai,2026-05-07,False,True,True,True,False,False
3846,Pune,2026-06-12,False,True,True,True,True,False
3847,Kolkata,2026-05-26,False,True,True,True,True,True
3848,Kolkata,2026-05-10,True,True,True,True,False,False
3849,Pune,2026-06-27,False,True,True,True,True,True
3850,Hyderabad,2026-05-30,False,True,True,True,True,True
3851,Delhi,2026-05-30,False,True,True,False,False,False
3852,Kolkata,2026-06-08,False,True,True,True,True,True
3853,Pune,2026-05-27,False,True,False,False,False,False
3854,Delhi,2026-05-21,False,True,True,True,False,False
3855,Pune,2026-05-30,False,True,True,True,True,True
3856,Hyderabad,2026-05-02,True,True,True,True,False,False
3857,Kolkata,2026-06-06,True,True,True,True,True,True
3858,Hyderabad,2026-06-19,False,True,True,True,True,True
3859,Kolkata,2026-05-15,False,True,False,False,False,False
3860,Delhi,2026-05-12,False,True,False,False,False,False
3861,Hyderabad,2026-06-19,False,True,True,False,False,False
3862,Delhi,2026-05-07,False,True,True,False,False,False
3863,Hyderabad,2026-06-26,False,True,True,True,True,True
3864,Hyderabad,2026-05-01,True,True,True,True,True,True
3865,Kolkata,2026-05-04,False,True,True,True,True,True
3866,Mumbai,2026-06-03,True,True,True,False,False,False
3867,Delhi,2026-05-12,True,True,True,True,False,False
3868,Mumbai,2026-05-19,False,True,True,True,True,False
3869,Pune,2026-06-02,False,True,True,True,False,False
3870,Delhi,2026-05-07,False,True,True,True,False,False
3871,Kolkata,2026-06-03,False,True,True,True,False,False
3872,Bengaluru,2026-06-12,False,True,True,True,True,True
3873,Mumbai,2026-06-06,False,True,True,True,False,False
3874,Bengaluru,2026-05-07,False,True,True,True,True,True
3875,Mumbai,2026-06-26,False,True,True,False,False,False
3876,Pune,2026-05-09,False,True,True,False,False,False
3877,Hyderabad,2026-06-05,False,True,True,True,True,False
3878,Mumbai,2026-06-28,False,True,True,False,False,False
3879,Hyderabad,2026-06-01,True,True,True,True,False,False
3880,Hyderabad,2026-05-28,False,True,True,False,False,False
3881,Mumbai,2026-06-17,False,True,False,False,False,False
3882,Mumbai,2026-05-24,True,True,True,True,False,False
3883,Hyderabad,2026-05-11,False,True,True,False,False,False
3884,Mumbai,2026-05-24,False,True,True,False,False,False
3885,Mumbai,2026-06-10,False,True,True,True,True,True
3886,Delhi,2026-05-16,True,True,True,True,False,False
3887,Mumbai,2026-06-04,False,True,True,True,True,True
3888,Hyderabad,2026-05-21,False,True,True,False,False,False
3889,Bengaluru,2026-05-31,False,True,True,True,True,True
3890,Kolkata,2026-06-28,False,True,True,True,True,True
3891,Kolkata,2026-05-03,False,True,True,True,True,True
3892,Mumbai,2026-05-12,True,True,True,False,False,False
3893,Pune,2026-05-04,False,True,True,False,False,False
3894,Bengaluru,2026-06-07,False,True,True,False,False,False
3895,Delhi,2026-06-03,False,True,False,False,False,False
3896,Delhi,2026-06-20,False,True,False,False,False,False
3897,Bengaluru,2026-06-24,False,True,True,True,False,False
3898,Delhi,2026-06-19,True,True,True,False,False,False
3899,Mumbai,2026-06-01,False,True,True,True,True,True
3900,Kolkata,2026-06-15,False,True,True,True,False,False
3901,Hyderabad,2026-06-07,False,True,True,False,False,False
3902,Bengaluru,2026-06-15,False,True,True,True,False,False
3903,Delhi,2026-06-15,False,True,True,True,False,False
3904,Hyderabad,2026-06-14,False,True,True,True,True,False
3905,Hyderabad,2026-06-05,False,True,True,True,True,False
3906,Kolkata,2026-05-24,False,True,True,True,True,True
3907,Hyderabad,2026-05-08,False,True,True,False,False,False
3908,Bengaluru,2026-05-31,True,True,True,True,False,False
3909,Pune,2026-05-31,False,True,True,False,False,False
3910,Bengaluru,2026-05-27,False,True,True,True,True,False
3911,Bengaluru,2026-06-25,True,True,True,True,False,False
3912,Bengaluru,2026-05-30,True,True,False,False,False,False
3913,Mumbai,2026-06-21,False,True,True,True,True,True
3914,Pune,2026-06-13,True,True,True,True,False,False
3915,Hyderabad,2026-05-29,False,True,True,True,True,True
3916,Delhi,2026-05-12,False,True,True,True,True,True
3917,Pune,2026-06-07,True,True,True,True,True,True
3918,Hyderabad,2026-05-01,False,True,True,True,True,True
3919,Kolkata,2026-05-18,False,True,True,True,True,False
3920,Hyderabad,2026-06-18,False,True,True,True,True,True
3921,Pune,2026-05-24,False,True,True,True,True,True
3922,Hyderabad,2026-06-07,False,True,False,False,False,False
3923,Kolkata,2026-06-17,False,True,True,True,True,True
3924,Mumbai,2026-06-05,True,True,True,True,True,True
3925,Mumbai,2026-06-22,False,True,True,False,False,False
3926,Bengaluru,2026-06-23,True,True,True,False,False,False
3927,Kolkata,2026-05-24,False,True,True,True,True,True
3928,Pune,2026-06-17,False,True,True,True,True,True
3929,Pune,2026-05-13,False,True,True,True,False,False
3930,Hyderabad,2026-06-03,False,True,False,False,False,False
3931,Delhi,2026-06-20,True,True,True,False,False,False
3932,Kolkata,2026-06-01,False,True,True,True,True,True
3933,Kolkata,2026-05-21,False,True,True,True,True,True
3934,Kolkata,2026-06-24,False,True,True,False,False,False
3935,Mumbai,2026-05-23,False,True,True,True,True,True
3936,Bengaluru,2026-05-29,False,True,False,False,False,False
3937,Delhi,2026-06-01,False,True,True,True,True,True
3938,Hyderabad,2026-05-08,False,True,False,False,False,False
3939,Hyderabad,2026-06-02,True,True,True,True,False,False
3940,Bengaluru,2026-06-04,True,True,True,False,False,False
3941,Pune,2026-05-16,False,True,True,False,False,False
3942,Kolkata,2026-06-10,False,True,True,True,True,True
3943,Pune,2026-05-24,False,True,False,False,False,False
3944,Pune,2026-06-27,False,True,True,True,True,True
3945,Pune,2026-05-30,False,True,True,True,True,True
3946,Kolkata,2026-05-11,True,True,False,False,False,False
3947,Hyderabad,2026-05-13,False,True,True,False,False,False
3948,Bengaluru,2026-06-06,False,True,True,True,True,True
3949,Bengaluru,2026-05-03,False,True,True,False,False,False
3950,Pune,2026-06-28,True,True,True,True,True,True
3951,Pune,2026-06-24,True,True,True,True,True,True
3952,Hyderabad,2026-06-11,False,True,True,True,False,False
3953,Pune,2026-06-20,False,True,True,True,True,True
3954,Pune,2026-05-25,True,True,True,True,True,True
3955,Kolkata,2026-06-19,False,True,False,False,False,False
3956,Bengaluru,2026-06-03,False,True,True,True,True,False
3957,Mumbai,2026-06-12,True,True,False,False,False,False
3958,Kolkata,2026-06-28,True,True,True,True,False,False
3959,Hyderabad,2026-06-09,False,True,True,False,False,False
3960,Kolkata,2026-05-01,True,True,True,True,True,True
3961,Pune,2026-05-12,False,True,True,False,False,False
3962,Bengaluru,2026-05-19,False,True,True,True,True,True
3963,Bengaluru,2026-06-03,False,True,False,False,False,False
3964,Delhi,2026-05-25,True,True,True,False,False,False
3965,Hyderabad,2026-05-04,False,True,True,False,False,False
3966,Bengaluru,2026-05-05,False,True,True,True,False,False
3967,Bengaluru,2026-06-13,False,True,True,False,False,False
3968,Mumbai,2026-06-17,False,True,True,True,False,False
3969,Bengaluru,2026-06-17,True,True,True,True,False,False
3970,Hyderabad,2026-05-02,False,True,True,False,False,False
3971,Pune,2026-06-27,False,True,True,False,False,False
3972,Pune,2026-06-25,True,True,False,False,False,False
3973,Kolkata,2026-05-26,False,True,True,True,False,False
3974,Bengaluru,2026-05-26,False,True,True,True,True,True
3975,Bengaluru,2026-06-08,False,True,True,True,False,False
3976,Mumbai,2026-06-14,True,True,True,True,False,False
3977,Mumbai,2026-05-31,False,True,True,False,False,False
3978,Kolkata,2026-06-05,False,True,False,False,False,False
3979,Pune,2026-06-29,True,True,True,False,False,False
3980,Bengaluru,2026-06-24,True,True,True,True,False,False
3981,Kolkata,2026-05-12,False,True,True,False,False,False
3982,Pune,2026-05-13,False,True,True,True,False,False
3983,Kolkata,2026-06-12,False,True,True,False,False,False
3984,Mumbai,2026-05-19,True,True,True,True,False,False
3985,Bengaluru,2026-06-16,False,True,True,True,True,False
3986,Delhi,2026-05-02,False,True,True,True,True,True
3987,Bengaluru,2026-06-28,False,True,True,True,True,True
3988,Delhi,2026-05-02,False,True,True,True,True,True
3989,Delhi,2026-06-14,True,True,False,False,False,False
3990,Delhi,2026-05-15,True,True,True,True,False,False
3991,Hyderabad,2026-05-07,False,True,True,False,False,False
3992,Bengaluru,2026-05-17,False,True,True,False,False,False
3993,Delhi,2026-05-05,False,True,False,False,False,False
3994,Pune,2026-05-16,False,True,True,False,False,False
3995,Mumbai,2026-05-14,False,True,True,True,True,True
3996,Kolkata,2026-05-11,False,True,True,True,False,False
3997,Hyderabad,2026-05-26,False,True,True,True,True,True
3998,Delhi,2026-06-06,True,True,True,False,False,False
3999,Mumbai,2026-05-14,False,True,True,True,True,False
4000,Mumbai,2026-05-04,True,True,True,True,False,False
